n,k,t,algo,precision,gpu_time,cpu_time,mae,gpu speedup,algo gpu speedup
1000,4,-,knn,int,2.867 ms,1.803 ms,0.0,0.6289,-
1000,4,-,knn,float,384.000 µs,1.732 ms,0.0,4.5104,-
1000,4,-,approx_knn,int,2.625 ms,11.396 ms,13.444000,4.3413,1.0922
1000,4,-,approx_knn,float,409.600 µs,10.655 ms,13.282000,26.0132,0.9375
1000,4,5,kmeans,int,571.392 µs,915.695 µs,39.609000,1.6026,5.0176
1000,4,5,kmeans,float,367.776 µs,437.069 µs,43.172000,1.1884,1.0441
1000,4,10,kmeans,int,840.736 µs,47.902 ms,39.675000,56.9763,3.4101
1000,4,10,kmeans,float,676.864 µs,92.121 µs,43.100000,0.1361,0.5673
1000,4,25,kmeans,int,2.716 ms,22.096 ms,39.640000,8.1355,1.0556
1000,4,25,kmeans,float,1.342 ms,195.556 µs,43.175000,0.1457,0.2861
1000,4,50,kmeans,int,1.125 ms,23.907 ms,39.640000,21.2507,2.5484
1000,4,50,kmeans,float,2.172 ms,3.251 ms,43.215000,1.4968,0.1768
1000,16,-,knn,int,5.139 ms,1.745 ms,0.0,0.3396,-
1000,16,-,knn,float,2.766 ms,2.055 ms,0.0,0.7430,-
1000,16,-,approx_knn,int,2.347 ms,3.372 ms,4.361000,1.4367,2.1896
1000,16,-,approx_knn,float,1.037 ms,3.126 ms,5.083000,3.0145,2.6673
1000,16,5,kmeans,int,582.784 µs,7.846 ms,18.566000,13.4630,8.8180
1000,16,5,kmeans,float,379.904 µs,84.229 µs,19.098000,0.2217,7.2808
1000,16,10,kmeans,int,1.519 ms,1.222 ms,18.584000,0.8045,3.3831
1000,16,10,kmeans,float,579.584 µs,135.492 µs,18.826000,0.2338,4.7724
1000,16,25,kmeans,int,1.289 ms,80.094 ms,18.442000,62.1365,3.9868
1000,16,25,kmeans,float,1.049 ms,2.842 ms,18.878000,2.7092,2.6368
1000,16,50,kmeans,int,2.088 ms,1.651 ms,18.771000,0.7907,2.4612
1000,16,50,kmeans,float,1.008 ms,528.073 µs,18.878000,0.5239,2.7440
1000,24,-,knn,int,7.740 ms,1.688 ms,0.0,0.2181,-
1000,24,-,knn,float,5.036 ms,2.091 ms,0.0,0.4152,-
1000,24,-,approx_knn,int,4.433 ms,1.960 ms,4.245000,0.4421,1.7460
1000,24,-,approx_knn,float,2.171 ms,1.564 ms,4.168000,0.7204,2.3197
1000,24,5,kmeans,int,689.152 µs,50.926 ms,13.490000,73.8966,11.2312
1000,24,5,kmeans,float,396.288 µs,108.604 µs,14.170000,0.2741,12.7079
1000,24,10,kmeans,int,756.736 µs,3.646 ms,13.149000,4.8181,10.2281
1000,24,10,kmeans,float,607.232 µs,170.274 µs,13.965000,0.2804,8.2934
1000,24,25,kmeans,int,1.004 ms,1.286 ms,13.224000,1.2809,7.7092
1000,24,25,kmeans,float,692.224 µs,337.475 µs,13.740000,0.4875,7.2751
1000,24,50,kmeans,int,1.000 ms,1.753 ms,13.224000,1.7530,7.7400
1000,24,50,kmeans,float,664.672 µs,674.462 µs,13.740000,1.0147,7.5767
1000,32,-,knn,int,11.309 ms,1.794 ms,0.0,0.1586,-
1000,32,-,knn,float,9.082 ms,1.158 ms,0.0,0.1275,-
1000,32,-,approx_knn,int,5.567 ms,2.160 ms,3.906000,0.3880,2.0314
1000,32,-,approx_knn,float,3.184 ms,998.737 µs,3.403000,0.3137,2.8524
1000,32,5,kmeans,int,583.680 µs,1.071 ms,12.883000,1.8349,19.3753
1000,32,5,kmeans,float,358.400 µs,131.372 µs,14.467000,0.3666,25.3404
1000,32,10,kmeans,int,780.256 µs,41.015 ms,12.854000,52.5661,14.4940
1000,32,10,kmeans,float,2.790 ms,220.979 µs,13.874000,0.0792,3.2552
1000,32,25,kmeans,int,1.503 ms,1.351 ms,11.906000,0.8989,7.5243
1000,32,25,kmeans,float,1.107 ms,458.161 µs,14.492000,0.4139,8.2042
1000,32,50,kmeans,int,1.403 ms,7.162 ms,11.863000,5.1048,8.0606
1000,32,50,kmeans,float,1.163 ms,1.584 ms,14.492000,1.3620,7.8091
1000,48,-,knn,int,20.457 ms,3.056 ms,0.0,0.1494,-
1000,48,-,knn,float,18.074 ms,10.211 ms,0.0,0.5650,-
1000,48,-,approx_knn,int,7.817 ms,2.659 ms,3.697000,0.3402,2.6170
1000,48,-,approx_knn,float,6.702 ms,1.927 ms,4.085000,0.2875,2.6968
1000,48,5,kmeans,int,600.064 µs,1.267 ms,14.595000,2.1114,34.0914
1000,48,5,kmeans,float,346.112 µs,176.001 µs,15.390000,0.5085,52.2201
1000,48,10,kmeans,int,797.696 µs,34.220 ms,14.299000,42.8985,25.6451
1000,48,10,kmeans,float,580.608 µs,248.147 µs,15.244000,0.4274,31.1294
1000,48,25,kmeans,int,828.416 µs,7.755 ms,14.343000,9.3612,24.6941
1000,48,25,kmeans,float,896.000 µs,511.171 µs,14.756000,0.5705,20.1719
1000,48,50,kmeans,int,811.008 µs,2.064 ms,14.343000,2.5450,25.2242
1000,48,50,kmeans,float,889.856 µs,6.258 ms,14.756000,7.0326,20.3112
1000,64,-,knn,int,25.426 ms,2.267 ms,0.0,0.0892,-
1000,64,-,knn,float,24.632 ms,1.026 ms,0.0,0.0417,-
1000,64,-,approx_knn,int,15.075 ms,3.003 ms,4.658000,0.1992,1.6866
1000,64,-,approx_knn,float,11.363 ms,2.626 ms,4.141000,0.2311,2.1677
1000,64,5,kmeans,int,607.232 µs,1.388 ms,17.755000,2.2858,41.8720
1000,64,5,kmeans,float,381.952 µs,191.576 µs,19.314000,0.5016,64.4898
1000,64,10,kmeans,int,789.504 µs,1.428 ms,18.108000,1.8087,32.2050
1000,64,10,kmeans,float,595.968 µs,323.995 µs,18.878000,0.5436,41.3311
1000,64,25,kmeans,int,812.032 µs,1.769 ms,18.108000,2.1785,31.3116
1000,64,25,kmeans,float,1.016 ms,2.029 ms,18.749000,1.9970,24.2441
1000,64,50,kmeans,int,805.888 µs,2.156 ms,18.108000,2.6753,31.5503
1000,64,50,kmeans,float,961.536 µs,1.297 ms,18.749000,1.3489,25.6173
1000,96,-,knn,int,43.407 ms,5.418 ms,0.0,0.1248,-
1000,96,-,knn,float,41.128 ms,1.596 ms,0.0,0.0388,-
1000,96,-,approx_knn,int,24.780 ms,4.852 ms,3.864000,0.1958,1.7517
1000,96,-,approx_knn,float,24.378 ms,2.510 ms,3.898000,0.1030,1.6871
1000,96,5,kmeans,int,621.568 µs,1.422 ms,25.222000,2.2878,69.8347
1000,96,5,kmeans,float,368.640 µs,257.646 µs,23.368000,0.6989,111.5668
1000,96,10,kmeans,int,799.744 µs,29.922 ms,25.310000,37.4145,54.2761
1000,96,10,kmeans,float,614.528 µs,602.804 µs,23.352000,0.9809,66.9262
1000,96,25,kmeans,int,782.336 µs,2.250 ms,25.310000,2.8760,55.4838
1000,96,25,kmeans,float,835.584 µs,848.368 µs,23.181000,1.0153,49.2207
1000,96,50,kmeans,int,777.312 µs,37.520 ms,25.310000,48.2689,55.8424
1000,96,50,kmeans,float,871.456 µs,5.658 ms,23.181000,6.4926,47.1946
1000,128,-,knn,int,70.456 ms,1.891 ms,0.0,0.0268,-
1000,128,-,knn,float,69.384 ms,6.001 ms,0.0,0.0865,-
1000,128,-,approx_knn,int,44.806 ms,4.522 ms,4.067000,0.1009,1.5725
1000,128,-,approx_knn,float,41.970 ms,3.049 ms,4.188000,0.0726,1.6532
1000,128,5,kmeans,int,610.304 µs,1.540 ms,30.646000,2.5233,115.4441
1000,128,5,kmeans,float,365.568 µs,323.646 µs,29.448000,0.8853,189.7978
1000,128,10,kmeans,int,818.176 µs,1.857 ms,30.592000,2.2697,86.1135
1000,128,10,kmeans,float,592.896 µs,505.165 µs,28.973000,0.8520,117.0256
1000,128,25,kmeans,int,951.104 µs,2.386 ms,30.541000,2.5087,74.0781
1000,128,25,kmeans,float,576.608 µs,2.744 ms,28.973000,4.7589,120.3313
1000,128,50,kmeans,int,968.736 µs,3.278 ms,30.541000,3.3838,72.7298
1000,128,50,kmeans,float,580.544 µs,2.166 ms,28.973000,3.7310,119.5155
5000,4,-,knn,int,2.741 ms,24.020 ms,0.0,8.7632,-
5000,4,-,knn,float,837.824 µs,23.304 ms,0.0,27.8149,-
5000,4,-,approx_knn,int,1.937 ms,3.207 ms,11.564400,1.6557,1.4151
5000,4,-,approx_knn,float,707.584 µs,3.450 ms,12.165400,4.8757,1.1841
5000,4,5,kmeans,int,581.600 µs,1.018 ms,40.178000,1.7503,4.7129
5000,4,5,kmeans,float,349.184 µs,108.324 µs,40.092800,0.3102,2.3994
5000,4,10,kmeans,int,704.512 µs,1.270 ms,40.186800,1.8027,3.8906
5000,4,10,kmeans,float,578.560 µs,168.039 µs,40.087200,0.2904,1.4481
5000,4,25,kmeans,int,1.238 ms,4.514 ms,40.126400,3.6462,2.2141
5000,4,25,kmeans,float,1.285 ms,337.196 µs,40.116200,0.2624,0.6520
5000,4,50,kmeans,int,1.786 ms,1.502 ms,40.143600,0.8410,1.5347
5000,4,50,kmeans,float,1.474 ms,655.604 µs,40.122800,0.4448,0.5684
5000,16,-,knn,int,6.676 ms,29.278 ms,0.0,4.3856,-
5000,16,-,knn,float,4.422 ms,21.943 ms,0.0,4.9622,-
5000,16,-,approx_knn,int,3.434 ms,3.846 ms,3.961600,1.1200,1.9441
5000,16,-,approx_knn,float,1.481 ms,2.923 ms,3.661000,1.9737,2.9858
5000,16,5,kmeans,int,571.392 µs,1.287 ms,19.593600,2.2524,11.6837
5000,16,5,kmeans,float,345.216 µs,177.677 µs,20.212600,0.5147,12.8094
5000,16,10,kmeans,int,740.544 µs,1.287 ms,19.665200,1.7379,9.0150
5000,16,10,kmeans,float,572.416 µs,320.573 µs,20.171200,0.5600,7.7252
5000,16,25,kmeans,int,1.190 ms,1.682 ms,19.612000,1.4134,5.6101
5000,16,25,kmeans,float,1.247 ms,1.114 ms,20.245200,0.8933,3.5461
5000,16,50,kmeans,int,1.991 ms,2.385 ms,19.616400,1.1979,3.3531
5000,16,50,kmeans,float,1.675 ms,1.813 ms,20.237000,1.0824,2.6400
5000,24,-,knn,int,12.531 ms,21.068 ms,0.0,1.6813,-
5000,24,-,knn,float,10.263 ms,24.232 ms,0.0,2.3611,-
5000,24,-,approx_knn,int,5.393 ms,14.358 ms,2.773800,2.6623,2.3236
5000,24,-,approx_knn,float,2.643 ms,4.329 ms,3.001800,1.6379,3.8831
5000,24,5,kmeans,int,608.256 µs,1.189 ms,15.665800,1.9548,20.6015
5000,24,5,kmeans,float,374.784 µs,237.742 µs,16.171200,0.6343,27.3838
5000,24,10,kmeans,int,788.480 µs,28.534 ms,15.533600,36.1886,15.8926
5000,24,10,kmeans,float,607.232 µs,404.314 µs,16.090600,0.6658,16.9013
5000,24,25,kmeans,int,1.369 ms,1.916 ms,15.616600,1.3996,9.1534
5000,24,25,kmeans,float,1.271 ms,940.209 µs,16.104400,0.7397,8.0747
5000,24,50,kmeans,int,1.581 ms,28.593 ms,15.610200,18.0854,7.9260
5000,24,50,kmeans,float,1.965 ms,1.813 ms,16.084200,0.9226,5.2229
5000,32,-,knn,int,27.131 ms,20.894 ms,0.0,0.7701,-
5000,32,-,knn,float,23.965 ms,20.953 ms,0.0,0.8743,-
5000,32,-,approx_knn,int,6.753 ms,8.246 ms,2.572800,1.2211,4.0176
5000,32,-,approx_knn,float,4.052 ms,14.861 ms,2.542400,3.6676,5.9144
5000,32,5,kmeans,int,584.800 µs,1.413 ms,13.604000,2.4162,46.3936
5000,32,5,kmeans,float,361.472 µs,280.973 µs,13.340400,0.7773,66.2984
5000,32,10,kmeans,int,791.584 µs,1.628 ms,13.504000,2.0566,34.2743
5000,32,10,kmeans,float,588.800 µs,711.618 µs,13.359400,1.2086,40.7014
5000,32,25,kmeans,int,1.349 ms,2.088 ms,13.351200,1.5478,20.1119
5000,32,25,kmeans,float,1.295 ms,1.149 ms,13.289600,0.8873,18.5058
5000,32,50,kmeans,int,2.008 ms,2.918 ms,13.357000,1.4532,13.5115
5000,32,50,kmeans,float,2.459 ms,2.173 ms,13.398400,0.8837,9.7458
5000,48,-,knn,int,83.063 ms,20.104 ms,0.0,0.2420,-
5000,48,-,knn,float,82.024 ms,38.882 ms,0.0,0.4740,-
5000,48,-,approx_knn,int,7.555 ms,11.215 ms,2.250600,1.4844,10.9944
5000,48,-,approx_knn,float,5.969 ms,9.456 ms,2.381000,1.5842,13.7417
5000,48,5,kmeans,int,564.224 µs,33.084 ms,11.173400,58.6363,147.2164
5000,48,5,kmeans,float,354.304 µs,388.739 µs,11.003200,1.0972,231.5074
5000,48,10,kmeans,int,738.464 µs,1.741 ms,10.873400,2.3576,112.4808
5000,48,10,kmeans,float,532.608 µs,731.592 µs,10.877600,1.3736,154.0044
5000,48,25,kmeans,int,1.294 ms,242.810 ms,10.789000,187.6430,64.1909
5000,48,25,kmeans,float,1.226 ms,2.510 ms,10.798200,2.0473,66.9038
5000,48,50,kmeans,int,1.507 ms,3.628 ms,10.783800,2.4074,55.1181
5000,48,50,kmeans,float,1.926 ms,5.867 ms,10.692600,3.0462,42.5877
5000,64,-,knn,int,150.645 ms,19.607 ms,0.0,0.1302,-
5000,64,-,knn,float,139.434 ms,22.816 ms,0.0,0.1636,-
5000,64,-,approx_knn,int,12.927 ms,11.729 ms,2.142800,0.9073,11.6535
5000,64,-,approx_knn,float,11.183 ms,10.438 ms,2.024000,0.9334,12.4684
5000,64,5,kmeans,int,559.104 µs,1.709 ms,10.109800,3.0567,269.4400
5000,64,5,kmeans,float,336.896 µs,490.428 µs,9.518400,1.4557,413.8785
5000,64,10,kmeans,int,766.976 µs,1.872 ms,9.670400,2.4408,196.4142
5000,64,10,kmeans,float,560.128 µs,929.593 µs,9.448200,1.6596,248.9324
5000,64,25,kmeans,int,1.524 ms,104.996 ms,9.424000,68.8950,98.8484
5000,64,25,kmeans,float,1.252 ms,4.950 ms,9.477200,3.9537,111.3690
5000,64,50,kmeans,int,2.321 ms,4.581 ms,9.482200,1.9737,64.9052
5000,64,50,kmeans,float,1.759 ms,4.060 ms,9.459800,2.3081,79.2689
5000,96,-,knn,int,263.431 ms,29.206 ms,0.0,0.1109,-
5000,96,-,knn,float,255.132 ms,21.934 ms,0.0,0.0860,-
5000,96,-,approx_knn,int,30.944 ms,14.402 ms,1.642200,0.4654,8.5132
5000,96,-,approx_knn,float,31.265 ms,14.105 ms,1.595200,0.4511,8.1603
5000,96,5,kmeans,int,569.344 µs,1.775 ms,9.455200,3.1176,462.6922
5000,96,5,kmeans,float,350.208 µs,726.982 µs,9.475800,2.0759,728.5156
5000,96,10,kmeans,int,793.600 µs,2.197 ms,9.794000,2.7684,331.9443
5000,96,10,kmeans,float,588.672 µs,1.267 ms,9.043000,2.1523,433.4026
5000,96,25,kmeans,int,1.461 ms,4.339 ms,9.405000,2.9699,180.3087
5000,96,25,kmeans,float,1.359 ms,6.062 ms,8.973600,4.4606,187.7351
5000,96,50,kmeans,int,1.548 ms,5.909 ms,9.349400,3.8172,170.1751
5000,96,50,kmeans,float,1.232 ms,5.982 ms,8.973600,4.8555,207.0877
5000,128,-,knn,int,411.744 ms,36.369 ms,0.0,0.0883,-
5000,128,-,knn,float,380.209 ms,23.247 ms,0.0,0.0611,-
5000,128,-,approx_knn,int,70.546 ms,19.111 ms,1.506800,0.2709,5.8365
5000,128,-,approx_knn,float,72.232 ms,19.299 ms,1.517600,0.2672,5.2637
5000,128,5,kmeans,int,612.352 µs,1.991 ms,11.207200,3.2514,672.3976
5000,128,5,kmeans,float,375.808 µs,869.949 µs,11.788400,2.3149,1011.7108
5000,128,10,kmeans,int,819.200 µs,3.895 ms,11.493200,4.7546,502.6172
5000,128,10,kmeans,float,612.320 µs,1.571 ms,12.219200,2.5657,620.9319
5000,128,25,kmeans,int,1.420 ms,35.943 ms,11.679200,25.3120,289.9606
5000,128,25,kmeans,float,1.355 ms,3.803 ms,11.377800,2.8066,280.5970
5000,128,50,kmeans,int,2.070 ms,35.001 ms,11.749000,16.9087,198.9101
5000,128,50,kmeans,float,2.526 ms,8.144 ms,11.453600,3.2241,150.5182
10000,4,-,knn,int,4.285 ms,87.242 ms,0.0,20.3599,-
10000,4,-,knn,float,3.002 ms,95.236 ms,0.0,31.7242,-
10000,4,-,approx_knn,int,2.119 ms,6.283 ms,11.277100,2.9651,2.0222
10000,4,-,approx_knn,float,759.808 µs,5.006 ms,11.483700,6.5885,3.9510
10000,4,5,kmeans,int,564.224 µs,1.091 ms,40.847400,1.9336,7.5945
10000,4,5,kmeans,float,371.712 µs,171.461 µs,40.710200,0.4613,8.0761
10000,4,10,kmeans,int,778.240 µs,98.532 ms,40.865400,126.6088,5.5060
10000,4,10,kmeans,float,649.216 µs,256.668 µs,40.707000,0.3954,4.6240
10000,4,25,kmeans,int,1.322 ms,25.026 ms,40.873400,18.9304,3.2413
10000,4,25,kmeans,float,1.339 ms,490.010 µs,40.716900,0.3660,2.2420
10000,4,50,kmeans,int,1.404 ms,1.722 ms,40.873300,1.2265,3.0520
10000,4,50,kmeans,float,2.602 ms,877.771 µs,40.702800,0.3373,1.1537
10000,16,-,knn,int,12.250 ms,79.353 ms,0.0,6.4778,-
10000,16,-,knn,float,9.732 ms,102.241 ms,0.0,10.5057,-
10000,16,-,approx_knn,int,3.881 ms,18.510 ms,3.548900,4.7694,3.1564
10000,16,-,approx_knn,float,2.576 ms,14.270 ms,3.506500,5.5396,3.7780
10000,16,5,kmeans,int,583.680 µs,50.509 ms,19.816200,86.5354,20.9875
10000,16,5,kmeans,float,415.744 µs,880.634 µs,19.794800,2.1182,23.4086
10000,16,10,kmeans,int,722.944 µs,1.470 ms,19.859700,2.0334,16.9446
10000,16,10,kmeans,float,577.536 µs,567.394 µs,19.805700,0.9824,16.8509
10000,16,25,kmeans,int,1.587 ms,2.000 ms,19.788600,1.2602,7.7190
10000,16,25,kmeans,float,1.298 ms,21.098 ms,19.840000,16.2542,7.4977
10000,16,50,kmeans,int,2.226 ms,59.436 ms,19.822400,26.7008,5.5031
10000,16,50,kmeans,float,3.211 ms,5.181 ms,19.843800,1.6135,3.0308
10000,24,-,knn,int,26.460 ms,80.382 ms,0.0,3.0379,-
10000,24,-,knn,float,23.510 ms,106.890 ms,0.0,4.5466,-
10000,24,-,approx_knn,int,5.516 ms,10.437 ms,2.669100,1.8921,4.7970
10000,24,-,approx_knn,float,4.082 ms,8.197 ms,2.630200,2.0081,5.7594
10000,24,5,kmeans,int,560.128 µs,1.479 ms,15.938400,2.6405,47.2392
10000,24,5,kmeans,float,364.544 µs,405.082 µs,16.141000,1.1112,64.4915
10000,24,10,kmeans,int,750.592 µs,1.836 ms,15.956200,2.4461,35.2522
10000,24,10,kmeans,float,570.368 µs,718.323 µs,16.137800,1.2594,41.2190
10000,24,25,kmeans,int,1.372 ms,2.485 ms,15.907300,1.8112,19.2857
10000,24,25,kmeans,float,1.231 ms,1.749 ms,16.154200,1.4208,19.0983
10000,24,50,kmeans,int,2.419 ms,3.543 ms,15.946800,1.4647,10.9384
10000,24,50,kmeans,float,2.513 ms,3.220 ms,16.131100,1.2813,9.3554
10000,32,-,knn,int,66.777 ms,89.368 ms,0.0,1.3383,-
10000,32,-,knn,float,63.743 ms,112.228 ms,0.0,1.7606,-
10000,32,-,approx_knn,int,9.877 ms,16.264 ms,2.299400,1.6467,6.7609
10000,32,-,approx_knn,float,7.212 ms,15.598 ms,2.281500,2.1628,8.8385
10000,32,5,kmeans,int,838.656 µs,25.069 ms,13.478700,29.8919,79.6238
10000,32,5,kmeans,float,408.480 µs,1.520 ms,13.469100,3.7211,156.0493
10000,32,10,kmeans,int,824.320 µs,1.849 ms,13.427300,2.2431,81.0086
10000,32,10,kmeans,float,634.784 µs,881.612 µs,13.503700,1.3888,100.4168
10000,32,25,kmeans,int,1.464 ms,2.695 ms,13.449700,1.8408,45.6127
10000,32,25,kmeans,float,1.402 ms,2.340 ms,13.529300,1.6690,45.4658
10000,32,50,kmeans,int,2.386 ms,42.621 ms,13.449700,17.8630,27.9870
10000,32,50,kmeans,float,2.520 ms,4.933 ms,13.518500,1.9575,25.2948
10000,48,-,knn,int,169.723 ms,121.567 ms,0.0,0.7163,-
10000,48,-,knn,float,158.182 ms,102.948 ms,0.0,0.6508,-
10000,48,-,approx_knn,int,13.834 ms,24.174 ms,1.789800,1.7474,12.2685
10000,48,-,approx_knn,float,12.024 ms,29.654 ms,1.784700,2.4662,13.1555
10000,48,5,kmeans,int,591.872 µs,41.815 ms,10.855700,70.6487,286.7563
10000,48,5,kmeans,float,655.392 µs,1.268 ms,10.878800,1.9347,241.3548
10000,48,10,kmeans,int,745.728 µs,2.215 ms,10.736600,2.9703,227.5937
10000,48,10,kmeans,float,564.320 µs,1.252 ms,10.873600,2.2186,280.3055
10000,48,25,kmeans,int,1.705 ms,43.786 ms,10.678900,25.6809,99.5443
10000,48,25,kmeans,float,1.287 ms,2.986 ms,10.876400,2.3201,122.9075
10000,48,50,kmeans,int,2.511 ms,5.720 ms,10.706500,2.2780,67.5918
10000,48,50,kmeans,float,2.137 ms,7.415 ms,10.900900,3.4698,74.0206
10000,64,-,knn,int,312.832 ms,100.525 ms,0.0,0.3213,-
10000,64,-,knn,float,270.497 ms,93.119 ms,0.0,0.3443,-
10000,64,-,approx_knn,int,22.808 ms,32.536 ms,1.541900,1.4265,13.7159
10000,64,-,approx_knn,float,20.693 ms,25.646 ms,1.491500,1.2394,13.0719
10000,64,5,kmeans,int,575.680 µs,73.560 ms,9.401100,127.7793,543.4130
10000,64,5,kmeans,float,394.240 µs,55.557 ms,9.372500,140.9218,686.1227
10000,64,10,kmeans,int,779.264 µs,2.936 ms,9.275100,3.7677,401.4455
10000,64,10,kmeans,float,576.512 µs,1.674 ms,9.302300,2.9037,469.1958
10000,64,25,kmeans,int,1.342 ms,15.323 ms,9.377500,11.4180,233.1088
10000,64,25,kmeans,float,1.310 ms,4.111 ms,9.245100,3.1382,206.4863
10000,64,50,kmeans,int,2.550 ms,7.961 ms,9.311200,3.1220,122.6792
10000,64,50,kmeans,float,2.647 ms,9.611 ms,9.172600,3.6309,102.1900
10000,96,-,knn,int,665.577 ms,97.170 ms,0.0,0.1460,-
10000,96,-,knn,float,636.620 ms,89.066 ms,0.0,0.1399,-
10000,96,-,approx_knn,int,59.146 ms,31.279 ms,1.215800,0.5288,11.2531
10000,96,-,approx_knn,float,56.008 ms,30.587 ms,1.179400,0.5461,11.3666
10000,96,5,kmeans,int,609.280 µs,2.165 ms,8.076600,3.5534,1092.3992
10000,96,5,kmeans,float,389.120 µs,1.166 ms,7.895800,2.9965,1636.0506
10000,96,10,kmeans,int,794.624 µs,3.291 ms,7.721900,4.1416,837.5999
10000,96,10,kmeans,float,604.064 µs,2.283 ms,7.674900,3.7794,1053.8950
10000,96,25,kmeans,int,1.409 ms,6.376 ms,7.939900,4.5252,472.3754
10000,96,25,kmeans,float,1.317 ms,8.027 ms,7.533700,6.0949,483.3865
10000,96,50,kmeans,int,2.685 ms,10.035 ms,8.028800,3.7374,247.8872
10000,96,50,kmeans,float,2.526 ms,12.046 ms,7.546700,4.7688,252.0269
10000,128,-,knn,int,1.087 s,78.725 ms,0.0,0.0724,-
10000,128,-,knn,float,1.055 s,91.892 ms,0.0,0.0871,-
10000,128,-,approx_knn,int,113.946 ms,39.191 ms,1.100400,0.3439,9.5396
10000,128,-,approx_knn,float,111.018 ms,54.705 ms,1.060300,0.4928,9.5030
10000,128,5,kmeans,int,626.688 µs,2.591 ms,7.948200,4.1344,1734.5154
10000,128,5,kmeans,float,391.232 µs,1.524 ms,8.072600,3.8954,2696.6097
10000,128,10,kmeans,int,839.680 µs,37.012 ms,7.923100,44.0787,1294.5408
10000,128,10,kmeans,float,690.176 µs,2.920 ms,7.849300,4.2308,1528.5956
10000,128,25,kmeans,int,1.497 ms,29.959 ms,7.734700,20.0127,726.1189
10000,128,25,kmeans,float,1.391 ms,7.819 ms,7.664900,5.6211,758.4472
10000,128,50,kmeans,int,2.580 ms,37.384 ms,7.599300,14.4899,421.3178
10000,128,50,kmeans,float,2.615 ms,16.961 ms,7.682300,6.4860,403.4417
25000,4,-,knn,int,24.227 ms,587.877 ms,0.0,24.2654,-
25000,4,-,knn,float,23.232 ms,691.563 ms,0.0,29.7677,-
25000,4,-,approx_knn,int,4.382 ms,29.771 ms,11.233240,6.7939,5.5288
25000,4,-,approx_knn,float,1.632 ms,24.540 ms,11.109200,15.0368,14.2353
25000,4,5,kmeans,int,579.584 µs,41.878 ms,40.885040,72.2553,41.8007
25000,4,5,kmeans,float,439.296 µs,329.024 µs,40.727120,0.7490,52.8846
25000,4,10,kmeans,int,769.152 µs,1.351 ms,40.897640,1.7565,31.4983
25000,4,10,kmeans,float,665.728 µs,529.400 µs,40.735160,0.7952,34.8971
25000,4,25,kmeans,int,1.313 ms,1.809 ms,40.894920,1.3778,18.4516
25000,4,25,kmeans,float,1.456 ms,1.100 ms,40.721640,0.7555,15.9560
25000,4,50,kmeans,int,2.293 ms,2.645 ms,40.894000,1.1535,10.5656
25000,4,50,kmeans,float,2.776 ms,2.008 ms,40.729120,0.7233,8.3689
25000,16,-,knn,int,39.564 ms,577.184 ms,0.0,14.5886,-
25000,16,-,knn,float,34.908 ms,616.482 ms,0.0,17.6602,-
25000,16,-,approx_knn,int,6.994 ms,20.352 ms,3.269400,2.9099,5.6568
25000,16,-,approx_knn,float,5.610 ms,17.820 ms,3.183160,3.1765,6.2225
25000,16,5,kmeans,int,748.544 µs,1.672 ms,19.804000,2.2337,52.8546
25000,16,5,kmeans,float,387.072 µs,667.617 µs,19.996400,1.7248,90.1848
25000,16,10,kmeans,int,784.384 µs,2.002 ms,19.804560,2.5523,50.4396
25000,16,10,kmeans,float,633.856 µs,1.338 ms,20.011920,2.1109,55.0724
25000,16,25,kmeans,int,1.371 ms,36.674 ms,19.813280,26.7498,28.8578
25000,16,25,kmeans,float,1.378 ms,3.009 ms,20.019040,2.1836,25.3324
25000,16,50,kmeans,int,2.364 ms,5.059 ms,19.820840,2.1400,16.7360
25000,16,50,kmeans,float,2.589 ms,6.208 ms,20.023080,2.3978,13.4832
25000,24,-,knn,int,81.372 ms,600.626 ms,0.0,7.3812,-
25000,24,-,knn,float,72.700 ms,607.220 ms,0.0,8.3524,-
25000,24,-,approx_knn,int,11.080 ms,27.812 ms,2.395480,2.5101,7.3440
25000,24,-,approx_knn,float,8.660 ms,25.284 ms,2.357800,2.9196,8.3949
25000,24,5,kmeans,int,615.424 µs,1.683 ms,16.064600,2.7347,132.2210
25000,24,5,kmeans,float,379.904 µs,872.184 µs,16.008160,2.2958,191.3641
25000,24,10,kmeans,int,818.176 µs,39.104 ms,16.047080,47.7941,99.4554
25000,24,10,kmeans,float,676.864 µs,4.771 ms,16.013720,7.0487,107.4071
25000,24,25,kmeans,int,1.413 ms,3.776 ms,16.049600,2.6723,57.5881
25000,24,25,kmeans,float,1.371 ms,4.247 ms,16.010520,3.0977,53.0270
25000,24,50,kmeans,int,2.453 ms,6.613 ms,16.069520,2.6959,33.1724
25000,24,50,kmeans,float,2.625 ms,13.917 ms,16.000800,5.3017,27.6952
25000,32,-,knn,int,200.128 ms,548.976 ms,0.0,2.7431,-
25000,32,-,knn,float,157.032 ms,576.085 ms,0.0,3.6686,-
25000,32,-,approx_knn,int,13.911 ms,49.945 ms,2.051320,3.5903,14.3863
25000,32,-,approx_knn,float,11.893 ms,43.851 ms,2.072360,3.6871,13.2037
25000,32,5,kmeans,int,574.464 µs,1.991 ms,13.909160,3.4658,348.3734
25000,32,5,kmeans,float,342.912 µs,1.099 ms,14.064280,3.2049,457.9367
25000,32,10,kmeans,int,810.016 µs,2.629 ms,13.916240,3.2456,247.0667
25000,32,10,kmeans,float,619.520 µs,2.259 ms,14.025920,3.6464,253.4737
25000,32,25,kmeans,int,1.446 ms,4.764 ms,13.929280,3.2946,138.4011
25000,32,25,kmeans,float,1.366 ms,5.047 ms,13.996600,3.6947,114.9575
25000,32,50,kmeans,int,2.533 ms,10.398 ms,13.923400,4.1050,79.0083
25000,32,50,kmeans,float,2.636 ms,10.401 ms,14.058200,3.9458,59.5721
25000,48,-,knn,int,519.385 ms,538.829 ms,0.0,1.0374,-
25000,48,-,knn,float,496.517 ms,620.197 ms,0.0,1.2491,-
25000,48,-,approx_knn,int,29.640 ms,107.422 ms,1.479920,3.6242,17.5231
25000,48,-,approx_knn,float,27.228 ms,102.794 ms,1.495120,3.7753,18.2355
25000,48,5,kmeans,int,563.200 µs,2.200 ms,11.366920,3.9062,922.2035
25000,48,5,kmeans,float,360.448 µs,1.634 ms,11.244320,4.5332,1377.4997
25000,48,10,kmeans,int,828.416 µs,26.958 ms,11.360680,32.5416,626.9616
25000,48,10,kmeans,float,684.032 µs,2.942 ms,11.256400,4.3010,725.8681
25000,48,25,kmeans,int,1.534 ms,29.997 ms,11.368640,19.5548,338.5821
25000,48,25,kmeans,float,1.458 ms,12.265 ms,11.232960,8.4122,340.5466
25000,48,50,kmeans,int,2.690 ms,13.875 ms,11.375440,5.1580,193.0799
25000,48,50,kmeans,float,2.808 ms,14.731 ms,11.212160,5.2461,176.8223
25000,64,-,knn,int,893.067 ms,546.117 ms,0.0,0.6115,-
25000,64,-,knn,float,867.609 ms,594.934 ms,0.0,0.6857,-
25000,64,-,approx_knn,int,48.838 ms,80.262 ms,1.184560,1.6434,18.2863
25000,64,-,approx_knn,float,48.338 ms,76.498 ms,1.174360,1.5826,17.9488
25000,64,5,kmeans,int,602.368 µs,2.683 ms,9.443360,4.4541,1482.5937
25000,64,5,kmeans,float,379.904 µs,1.909 ms,9.649160,5.0250,2283.7585
25000,64,10,kmeans,int,851.008 µs,4.185 ms,9.393240,4.9177,1049.4226
25000,64,10,kmeans,float,675.840 µs,6.953 ms,9.640760,10.2879,1283.7491
25000,64,25,kmeans,int,1.602 ms,8.487 ms,9.370440,5.2978,557.4700
25000,64,25,kmeans,float,1.558 ms,9.522 ms,9.626360,6.1117,556.8736
25000,64,50,kmeans,int,2.792 ms,44.222 ms,9.349040,15.8388,319.8664
25000,64,50,kmeans,float,2.982 ms,21.479 ms,9.665400,7.2029,290.9487
25000,96,-,knn,int,1.871 s,572.271 ms,0.0,0.3059,-
25000,96,-,knn,float,1.871 s,601.779 ms,0.0,0.3216,-
25000,96,-,approx_knn,int,130.017 ms,93.559 ms,0.910640,0.7196,14.3904
25000,96,-,approx_knn,float,130.649 ms,93.420 ms,0.912280,0.7150,14.3208
25000,96,5,kmeans,int,619.520 µs,18.359 ms,7.868560,29.6342,3020.0801
25000,96,5,kmeans,float,417.888 µs,2.771 ms,7.688200,6.6310,4477.2762
25000,96,10,kmeans,int,884.736 µs,5.520 ms,7.850760,6.2391,2114.7551
25000,96,10,kmeans,float,670.496 µs,7.595 ms,7.656960,11.3274,2790.4715
25000,96,25,kmeans,int,1.531 ms,16.533 ms,7.840800,10.7988,1222.0771
25000,96,25,kmeans,float,1.490 ms,15.885 ms,7.699000,10.6611,1255.7047
25000,96,50,kmeans,int,2.757 ms,25.465 ms,7.802720,9.2365,678.6362
25000,96,50,kmeans,float,2.778 ms,27.085 ms,7.721960,9.7498,673.5061
25000,128,-,knn,int,3.178 s,511.829 ms,0.0,0.1611,-
25000,128,-,knn,float,3.140 s,588.337 ms,0.0,0.1874,-
25000,128,-,approx_knn,int,262.335 ms,117.640 ms,0.785600,0.4484,12.1143
25000,128,-,approx_knn,float,260.687 ms,110.790 ms,0.776800,0.4250,12.0451
25000,128,5,kmeans,int,672.768 µs,4.323 ms,6.946400,6.4257,4723.7681
25000,128,5,kmeans,float,431.296 µs,4.541 ms,6.714120,10.5287,7280.3828
25000,128,10,kmeans,int,920.704 µs,7.198 ms,6.757440,7.8179,3451.7065
25000,128,10,kmeans,float,707.584 µs,7.104 ms,6.489200,10.0398,4437.6357
25000,128,25,kmeans,int,1.734 ms,16.295 ms,6.674200,9.3973,1832.7566
25000,128,25,kmeans,float,1.558 ms,19.276 ms,6.516400,12.3723,2015.4044
25000,128,50,kmeans,int,2.988 ms,30.267 ms,6.587080,10.1295,1063.5877
25000,128,50,kmeans,float,3.033 ms,36.242 ms,6.484560,11.9492,1035.2786
50000,4,-,knn,int,69.012 ms,2.219 s,0.0,32.1538,-
50000,4,-,knn,float,67.128 ms,2.362 s,0.0,35.1865,-
50000,4,-,approx_knn,int,4.448 ms,35.656 ms,11.171980,8.0162,15.5153
50000,4,-,approx_knn,float,3.096 ms,32.453 ms,11.455300,10.4822,21.6822
50000,4,5,kmeans,int,570.368 µs,1.280 ms,40.853340,2.2442,120.9956
50000,4,5,kmeans,float,478.336 µs,582.899 µs,40.321480,1.2186,140.3365
50000,4,10,kmeans,int,1.410 ms,34.381 ms,40.862280,24.3837,48.9447
50000,4,10,kmeans,float,1.014 ms,6.070 ms,40.323860,5.9862,66.2012
50000,4,25,kmeans,int,1.411 ms,2.501 ms,40.852480,1.7725,48.9100
50000,4,25,kmeans,float,1.726 ms,2.074 ms,40.319680,1.2016,38.8922
50000,4,50,kmeans,int,2.451 ms,4.060 ms,40.843620,1.6565,28.1567
50000,4,50,kmeans,float,2.656 ms,3.788 ms,40.317320,1.4262,25.2741
50000,16,-,knn,int,109.981 ms,2.279 s,0.0,20.7218,-
50000,16,-,knn,float,100.330 ms,2.433 s,0.0,24.2500,-
50000,16,-,approx_knn,int,11.587 ms,40.315 ms,3.228460,3.4793,9.4918
50000,16,-,approx_knn,float,10.440 ms,36.591 ms,3.225220,3.5049,9.6102
50000,16,5,kmeans,int,601.088 µs,29.833 ms,20.102600,49.6317,182.9699
50000,16,5,kmeans,float,434.176 µs,1.337 ms,20.230160,3.0794,231.0814
50000,16,10,kmeans,int,948.224 µs,2.743 ms,20.110120,2.8928,115.9863
50000,16,10,kmeans,float,696.320 µs,2.845 ms,20.237840,4.0858,144.0861
50000,16,25,kmeans,int,1.460 ms,5.779 ms,20.117020,3.9582,75.3295
50000,16,25,kmeans,float,1.533 ms,6.220 ms,20.234460,4.0574,65.4468
50000,16,50,kmeans,int,2.499 ms,14.485 ms,20.130220,5.7963,44.0100
50000,16,50,kmeans,float,2.916 ms,13.648 ms,20.240660,4.6804,34.4067
50000,24,-,knn,int,203.048 ms,2.251 s,0.0,11.0860,-
50000,24,-,knn,float,181.879 ms,2.482 s,0.0,13.6464,-
50000,24,-,approx_knn,int,21.211 ms,57.563 ms,2.359120,2.7138,9.5728
50000,24,-,approx_knn,float,18.446 ms,53.433 ms,2.391560,2.8967,9.8601
50000,24,5,kmeans,int,628.736 µs,2.314 ms,16.349040,3.6804,322.9464
50000,24,5,kmeans,float,410.624 µs,2.517 ms,16.286820,6.1297,442.9332
50000,24,10,kmeans,int,856.064 µs,4.550 ms,16.357220,5.3150,237.1879
50000,24,10,kmeans,float,734.208 µs,7.072 ms,16.255040,9.6321,247.7214
50000,24,25,kmeans,int,1.568 ms,6.612 ms,16.339700,4.2168,129.4949
50000,24,25,kmeans,float,1.526 ms,8.208 ms,16.262260,5.3788,119.1868
50000,24,50,kmeans,int,2.710 ms,11.898 ms,16.344280,4.3904,74.9255
50000,24,50,kmeans,float,2.912 ms,19.069 ms,16.259480,6.5484,62.4584
50000,32,-,knn,int,430.206 ms,2.170 s,0.0,5.0441,-
50000,32,-,knn,float,425.071 ms,2.429 s,0.0,5.7143,-
50000,32,-,approx_knn,int,32.761 ms,102.833 ms,2.018000,3.1389,13.1317
50000,32,-,approx_knn,float,31.018 ms,97.267 ms,2.041340,3.1358,13.7040
50000,32,5,kmeans,int,649.216 µs,2.710 ms,14.153280,4.1743,662.6546
50000,32,5,kmeans,float,436.224 µs,2.190 ms,14.011180,5.0204,974.4329
50000,32,10,kmeans,int,915.456 µs,3.928 ms,14.142500,4.2908,469.9363
50000,32,10,kmeans,float,1.336 ms,11.529 ms,14.013440,8.6295,318.1669
50000,32,25,kmeans,int,1.598 ms,36.603 ms,14.158140,22.9055,269.2153
50000,32,25,kmeans,float,1.606 ms,10.343 ms,13.988500,6.4402,264.6768
50000,32,50,kmeans,int,2.721 ms,17.229 ms,14.152940,6.3319,158.1058
50000,32,50,kmeans,float,3.003 ms,24.355 ms,14.006860,8.1102,141.5488
50000,48,-,knn,int,1.205 s,2.123 s,0.0,1.7618,-
50000,48,-,knn,float,1.197 s,2.301 s,0.0,1.9223,-
50000,48,-,approx_knn,int,71.663 ms,173.824 ms,1.372480,2.4256,16.8148
50000,48,-,approx_knn,float,69.057 ms,158.704 ms,1.331540,2.2982,17.3335
50000,48,5,kmeans,int,681.984 µs,3.396 ms,11.379200,4.9796,1766.9036
50000,48,5,kmeans,float,453.632 µs,2.935 ms,11.375080,6.4700,2638.7027
50000,48,10,kmeans,int,940.032 µs,7.017 ms,11.354200,7.4646,1281.8713
50000,48,10,kmeans,float,768.000 µs,5.934 ms,11.369260,7.7266,1558.5938
50000,48,25,kmeans,int,1.705 ms,15.173 ms,11.338780,8.8991,706.7449
50000,48,25,kmeans,float,1.712 ms,20.072 ms,11.394920,11.7243,699.1822
50000,48,50,kmeans,int,3.036 ms,22.424 ms,11.356040,7.3860,396.9038
50000,48,50,kmeans,float,3.254 ms,35.599 ms,11.371260,10.9401,367.8549
50000,64,-,knn,int,2.086 s,2.185 s,0.0,1.0475,-
50000,64,-,knn,float,2.096 s,2.385 s,0.0,1.1379,-
50000,64,-,approx_knn,int,121.928 ms,179.511 ms,1.058720,1.4723,17.1085
50000,64,-,approx_knn,float,97.572 ms,161.501 ms,1.071300,1.6552,21.4816
50000,64,5,kmeans,int,674.816 µs,4.195 ms,9.750540,6.2165,3091.2130
50000,64,5,kmeans,float,419.584 µs,3.706 ms,9.548920,8.8326,4995.4240
50000,64,10,kmeans,int,917.504 µs,11.829 ms,9.761500,12.8926,2273.5596
50000,64,10,kmeans,float,717.760 µs,9.925 ms,9.543360,13.8277,2920.1962
50000,64,25,kmeans,int,1.840 ms,40.643 ms,9.750240,22.0886,1133.6957
50000,64,25,kmeans,float,1.798 ms,18.384 ms,9.573460,10.2247,1165.7397
50000,64,50,kmeans,int,3.571 ms,55.311 ms,9.756540,15.4889,584.1501
50000,64,50,kmeans,float,3.608 ms,39.039 ms,9.576500,10.8201,580.9313
50000,96,-,knn,int,4.354 s,2.180 s,0.0,0.5007,-
50000,96,-,knn,float,4.349 s,2.397 s,0.0,0.5512,-
50000,96,-,approx_knn,int,293.206 ms,193.041 ms,0.795160,0.6584,14.8496
50000,96,-,approx_knn,float,262.766 ms,211.729 ms,0.784740,0.8058,16.5508
50000,96,5,kmeans,int,687.136 µs,5.679 ms,7.816060,8.2647,6336.4458
50000,96,5,kmeans,float,460.576 µs,6.572 ms,7.822220,14.2691,9442.5241
50000,96,10,kmeans,int,971.776 µs,22.892 ms,7.827400,23.5569,4480.4564
50000,96,10,kmeans,float,791.552 µs,10.630 ms,7.800800,13.4293,5494.2695
50000,96,25,kmeans,int,2.241 ms,24.401 ms,7.823400,10.8884,1942.8826
50000,96,25,kmeans,float,1.735 ms,26.646 ms,7.810500,15.3579,2506.6282
50000,96,50,kmeans,int,3.732 ms,60.465 ms,7.806260,16.2018,1166.6667
50000,96,50,kmeans,float,4.006 ms,66.630 ms,7.807540,16.6326,1085.6216
50000,128,-,knn,int,7.199 s,2.182 s,0.0,0.3031,-
50000,128,-,knn,float,7.534 s,2.586 s,0.0,0.3432,-
50000,128,-,approx_knn,int,528.346 ms,263.929 ms,0.630380,0.4995,13.6255
50000,128,-,approx_knn,float,507.824 ms,231.752 ms,0.648380,0.4564,14.8358
50000,128,5,kmeans,int,726.016 µs,19.045 ms,6.828840,26.2322,9915.7594
50000,128,5,kmeans,float,507.904 µs,8.793 ms,6.725160,17.3123,14833.5118
50000,128,10,kmeans,int,1.071 ms,13.093 ms,6.809700,12.2250,6721.7554
50000,128,10,kmeans,float,861.184 µs,13.882 ms,6.718000,16.1197,8748.4208
50000,128,25,kmeans,int,1.965 ms,50.237 ms,6.823140,25.5659,3663.6132
50000,128,25,kmeans,float,2.210 ms,56.943 ms,6.725300,25.7661,3409.0498
50000,128,50,kmeans,int,16.162 ms,162.073 ms,6.831940,10.0280,445.4275
50000,128,50,kmeans,float,4.559 ms,95.101 ms,6.708600,20.8601,1652.5554
100000,4,-,knn,int,272.614 ms,24.511 s,0.0,89.9110,-
100000,4,-,knn,float,298.763 ms,25.612 s,0.0,85.7268,-
100000,4,-,approx_knn,int,9.401 ms,80.494 ms,10.910410,8.5623,28.9984
100000,4,-,approx_knn,float,8.003 ms,71.837 ms,11.063160,8.9763,37.3314
100000,4,5,kmeans,int,643.072 µs,3.330 ms,40.689600,5.1783,423.9245
100000,4,5,kmeans,float,560.160 µs,1.231 ms,40.606550,2.1976,533.3530
100000,4,10,kmeans,int,884.736 µs,2.211 ms,40.691000,2.4991,308.1303
100000,4,10,kmeans,float,939.040 µs,2.208 ms,40.609000,2.3513,318.1579
100000,4,25,kmeans,int,1.497 ms,26.814 ms,40.696270,17.9118,182.1069
100000,4,25,kmeans,float,2.127 ms,5.039 ms,40.591800,2.3691,140.4622
100000,4,50,kmeans,int,2.594 ms,29.894 ms,40.697380,11.5243,105.0941
100000,4,50,kmeans,float,4.082 ms,9.199 ms,40.590380,2.2536,73.1903
100000,16,-,knn,int,302.447 ms,22.335 s,0.0,73.8476,-
100000,16,-,knn,float,244.202 ms,24.091 s,0.0,98.6519,-
100000,16,-,approx_knn,int,36.925 ms,111.485 ms,3.060980,3.0192,8.1908
100000,16,-,approx_knn,float,22.427 ms,108.436 ms,3.104910,4.8351,10.8888
100000,16,5,kmeans,int,640.000 µs,3.029 ms,20.145200,4.7328,472.5734
100000,16,5,kmeans,float,502.784 µs,7.316 ms,20.168560,14.5510,485.6996
100000,16,10,kmeans,int,1.041 ms,109.456 ms,20.140420,105.1451,290.5351
100000,16,10,kmeans,float,920.576 µs,9.981 ms,20.165450,10.8421,265.2709
100000,16,25,kmeans,int,4.294 ms,336.876 ms,20.141590,78.4527,70.4348
100000,16,25,kmeans,float,1.808 ms,195.803 ms,20.170010,108.2981,135.0675
100000,16,50,kmeans,int,5.127 ms,68.025 ms,20.132470,13.2680,58.9910
100000,16,50,kmeans,float,3.451 ms,56.248 ms,20.174330,16.2990,70.7627
100000,24,-,knn,int,484.591 ms,22.045 s,0.0,45.4920,-
100000,24,-,knn,float,478.326 ms,23.070 s,0.0,48.2307,-
100000,24,-,approx_knn,int,44.864 ms,122.877 ms,2.293710,2.7389,10.8013
100000,24,-,approx_knn,float,43.563 ms,115.325 ms,2.259190,2.6473,10.9801
100000,24,5,kmeans,int,672.768 µs,3.561 ms,16.235870,5.2931,720.2944
100000,24,5,kmeans,float,486.400 µs,3.381 ms,16.227670,6.9511,983.4005
100000,24,10,kmeans,int,945.280 µs,5.714 ms,16.238670,6.0448,512.6428
100000,24,10,kmeans,float,817.216 µs,6.562 ms,16.225770,8.0297,585.3116
100000,24,25,kmeans,int,2.062 ms,90.943 ms,16.246960,44.1043,235.0102
100000,24,25,kmeans,float,1.846 ms,19.866 ms,16.228550,10.7616,259.1148
100000,24,50,kmeans,int,2.993 ms,27.442 ms,16.232530,9.1687,161.9081
100000,24,50,kmeans,float,3.449 ms,36.997 ms,16.226700,10.7269,138.6854
100000,32,-,knn,int,1.090 s,22.276 s,0.0,20.4367,-
100000,32,-,knn,float,1.145 s,27.816 s,0.0,24.2934,-
100000,32,-,approx_knn,int,82.471 ms,288.509 ms,1.971940,3.4983,13.2168
100000,32,-,approx_knn,float,75.904 ms,305.980 ms,1.974430,4.0311,15.0848
100000,32,5,kmeans,int,656.512 µs,4.302 ms,14.075510,6.5528,1660.2895
100000,32,5,kmeans,float,456.704 µs,4.071 ms,13.989570,8.9139,2507.0943
100000,32,10,kmeans,int,1.170 ms,25.467 ms,14.075660,21.7667,931.6239
100000,32,10,kmeans,float,886.784 µs,15.072 ms,13.994980,16.9962,1291.1825
100000,32,25,kmeans,int,4.888 ms,82.963 ms,14.074220,16.9728,222.9951
100000,32,25,kmeans,float,1.975 ms,39.705 ms,13.999720,20.1038,579.7468
100000,32,50,kmeans,int,3.226 ms,71.430 ms,14.072830,22.1420,337.8797
100000,32,50,kmeans,float,3.839 ms,87.792 ms,13.997050,22.8685,298.2548
100000,48,-,knn,int,2.809 s,22.891 s,0.0,8.1492,-
100000,48,-,knn,float,2.944 s,28.615 s,0.0,9.7198,-
100000,48,-,approx_knn,int,154.143 ms,395.070 ms,1.214470,2.5630,18.2233
100000,48,-,approx_knn,float,134.829 ms,392.907 ms,1.213730,2.9141,21.8351
100000,48,5,kmeans,int,783.360 µs,75.092 ms,11.436410,95.8589,3585.8354
100000,48,5,kmeans,float,528.384 µs,25.368 ms,11.406540,48.0105,5571.7054
100000,48,10,kmeans,int,988.160 µs,11.882 ms,11.442960,12.0244,2842.6571
100000,48,10,kmeans,float,822.272 µs,20.206 ms,11.404290,24.5734,3580.3238
100000,48,25,kmeans,int,2.397 ms,89.628 ms,11.444760,37.3917,1171.8815
100000,48,25,kmeans,float,2.148 ms,43.265 ms,11.414080,20.1420,1370.5773
100000,48,50,kmeans,int,3.764 ms,63.108 ms,11.455560,16.7662,746.2806
100000,48,50,kmeans,float,4.063 ms,117.082 ms,11.422050,28.8166,724.5877
100000,64,-,knn,int,5.045 s,24.877 s,0.0,4.9310,-
100000,64,-,knn,float,5.082 s,25.260 s,0.0,4.9705,-
100000,64,-,approx_knn,int,247.090 ms,382.870 ms,0.950270,1.5495,20.4177
100000,64,-,approx_knn,float,224.941 ms,370.865 ms,0.934710,1.6487,22.5926
100000,64,5,kmeans,int,728.064 µs,7.123 ms,9.915470,9.7835,6929.3359
100000,64,5,kmeans,float,500.672 µs,7.919 ms,9.899250,15.8167,10150.3579
100000,64,10,kmeans,int,1.072 ms,12.670 ms,9.920880,11.8190,4706.1567
100000,64,10,kmeans,float,863.104 µs,14.959 ms,9.902190,17.3316,5888.0506
100000,64,25,kmeans,int,2.386 ms,29.649 ms,9.897770,12.4262,2114.4174
100000,64,25,kmeans,float,2.339 ms,54.897 ms,9.897470,23.4703,2172.7234
100000,64,50,kmeans,int,4.249 ms,58.676 ms,9.881960,13.8094,1187.3382
100000,64,50,kmeans,float,4.589 ms,96.286 ms,9.888900,20.9819,1107.4308
100000,96,-,knn,int,9.992 s,23.083 s,0.0,2.3101,-
100000,96,-,knn,float,9.992 s,23.192 s,0.0,2.3211,-
100000,96,-,approx_knn,int,565.002 ms,458.842 ms,0.650690,0.8121,17.6849
100000,96,-,approx_knn,float,545.221 ms,402.449 ms,0.666990,0.7381,18.3265
100000,96,5,kmeans,int,837.632 µs,9.703 ms,7.925340,11.5838,11928.8661
100000,96,5,kmeans,float,565.152 µs,14.214 ms,7.867320,25.1508,17680.1993
100000,96,10,kmeans,int,1.210 ms,18.078 ms,7.936990,14.9405,8257.8512
100000,96,10,kmeans,float,1.005 ms,29.790 ms,7.880670,29.6418,9942.2886
100000,96,25,kmeans,int,2.772 ms,42.969 ms,7.914520,15.5011,3604.6176
100000,96,25,kmeans,float,2.776 ms,72.059 ms,7.873280,25.9579,3599.4236
100000,96,50,kmeans,int,5.110 ms,139.173 ms,7.922050,27.2354,1955.3816
100000,96,50,kmeans,float,5.394 ms,109.897 ms,7.876040,20.3739,1852.4286
100000,128,-,knn,int,16.683 s,24.969 s,0.0,1.4967,-
100000,128,-,knn,float,18.379 s,25.925 s,0.0,1.4106,-
100000,128,-,approx_knn,int,1.021 s,616.194 ms,0.544540,0.6035,16.3399
100000,128,-,approx_knn,float,998.950 ms,505.030 ms,0.541320,0.5056,18.3983
100000,128,5,kmeans,int,891.904 µs,12.448 ms,6.811780,13.9567,18704.9279
100000,128,5,kmeans,float,656.384 µs,13.789 ms,6.857730,21.0075,28000.3778
100000,128,10,kmeans,int,1.310 ms,24.834 ms,6.790270,18.9573,12735.1145
100000,128,10,kmeans,float,1.143 ms,27.314 ms,6.860540,23.8968,16079.6150
100000,128,25,kmeans,int,3.206 ms,314.764 ms,6.808880,98.1797,5203.6806
100000,128,25,kmeans,float,3.286 ms,234.316 ms,6.852970,71.3074,5593.1223
100000,128,50,kmeans,int,5.998 ms,117.782 ms,6.809780,19.6369,2781.4271
100000,128,50,kmeans,float,6.357 ms,159.758 ms,6.826980,25.1310,2891.1436
250000,4,-,knn,int,1.258 s,359.505 s,0.0,285.7750,-
250000,4,-,knn,float,1.249 s,359.205 s,0.0,287.5941,-
250000,4,-,approx_knn,int,37.435 ms,260.155 ms,10.843720,6.9495,33.6049
250000,4,-,approx_knn,float,35.204 ms,251.742 ms,10.894264,7.1509,35.4789
250000,4,5,kmeans,int,799.744 µs,2.892 ms,40.656908,3.6162,1573.0034
250000,4,5,kmeans,float,877.472 µs,2.732 ms,40.714596,3.1135,1423.4072
250000,4,10,kmeans,int,1.065 ms,25.420 ms,40.647596,23.8685,1181.2207
250000,4,10,kmeans,float,1.522 ms,4.959 ms,40.708992,3.2582,820.6307
250000,4,25,kmeans,int,2.066 ms,6.847 ms,40.651000,3.3141,608.9061
250000,4,25,kmeans,float,3.400 ms,11.489 ms,40.713032,3.3791,367.3529
250000,4,50,kmeans,int,2.716 ms,18.721 ms,40.651068,6.8929,463.1811
250000,4,50,kmeans,float,6.457 ms,26.061 ms,40.716896,4.0361,193.4335
250000,16,-,knn,int,1.352 s,357.529 s,0.0,264.4445,-
250000,16,-,knn,float,1.351 s,350.560 s,0.0,259.4819,-
250000,16,-,approx_knn,int,74.210 ms,301.512 ms,3.010056,4.0630,18.2186
250000,16,-,approx_knn,float,73.024 ms,298.754 ms,3.025596,4.0912,18.5008
250000,16,5,kmeans,int,821.248 µs,14.386 ms,20.074268,17.5172,1646.2749
250000,16,5,kmeans,float,672.768 µs,6.452 ms,20.074608,9.5902,2008.1217
250000,16,10,kmeans,int,1.127 ms,9.336 ms,20.072536,8.2839,1199.6451
250000,16,10,kmeans,float,1.147 ms,13.863 ms,20.075596,12.0863,1177.8553
250000,16,25,kmeans,int,2.264 ms,64.914 ms,20.069152,28.6723,597.1731
250000,16,25,kmeans,float,2.591 ms,37.648 ms,20.072176,14.5303,521.4203
250000,16,50,kmeans,int,4.041 ms,38.526 ms,20.071436,9.5338,334.5707
250000,16,50,kmeans,float,4.938 ms,97.766 ms,20.071492,19.7987,273.5925
250000,24,-,knn,int,1.875 s,343.862 s,0.0,183.3931,-
250000,24,-,knn,float,1.856 s,330.125 s,0.0,177.8691,-
250000,24,-,approx_knn,int,128.924 ms,448.405 ms,2.210036,3.4781,14.5435
250000,24,-,approx_knn,float,109.309 ms,403.527 ms,2.199496,3.6916,16.9794
250000,24,5,kmeans,int,761.856 µs,6.919 ms,16.303368,9.0818,2461.0950
250000,24,5,kmeans,float,596.800 µs,8.939 ms,16.331604,14.9782,3109.9196
250000,24,10,kmeans,int,1.291 ms,12.619 ms,16.301256,9.7746,1452.3625
250000,24,10,kmeans,float,1.220 ms,16.166 ms,16.331492,13.2508,1521.3115
250000,24,25,kmeans,int,7.900 ms,27.892 ms,16.302720,3.5306,237.3418
250000,24,25,kmeans,float,2.734 ms,47.153 ms,16.334604,17.2469,678.8588
250000,24,50,kmeans,int,4.531 ms,77.007 ms,16.302464,16.9956,413.8159
250000,24,50,kmeans,float,5.147 ms,80.725 ms,16.334688,15.6839,360.5984
250000,32,-,knn,int,3.354 s,363.988 s,0.0,108.5236,-
250000,32,-,knn,float,3.353 s,360.327 s,0.0,107.4641,-
250000,32,-,approx_knn,int,223.859 ms,856.496 ms,2.004144,3.8261,14.9826
250000,32,-,approx_knn,float,198.004 ms,884.098 ms,1.999720,4.4651,16.9340
250000,32,5,kmeans,int,900.096 µs,8.677 ms,14.154168,9.6401,3726.2692
250000,32,5,kmeans,float,726.016 µs,11.604 ms,14.149764,15.9831,4618.3555
250000,32,10,kmeans,int,1.365 ms,15.160 ms,14.150412,11.1062,2457.1429
250000,32,10,kmeans,float,1.263 ms,20.836 ms,14.151492,16.4972,2654.7902
250000,32,25,kmeans,int,2.732 ms,39.170 ms,14.154396,14.3375,1227.6720
250000,32,25,kmeans,float,2.920 ms,52.360 ms,14.149884,17.9315,1148.2877
250000,32,50,kmeans,int,5.048 ms,81.722 ms,14.154988,16.1890,664.4216
250000,32,50,kmeans,float,5.562 ms,107.284 ms,14.149452,19.2887,602.8407
250000,48,-,knn,int,8.622 s,358.067 s,0.0,41.5295,-
250000,48,-,knn,float,8.652 s,339.042 s,0.0,39.1865,-
250000,48,-,approx_knn,int,440.626 ms,1.373 s,1.163948,3.1160,19.5676
250000,48,-,approx_knn,float,413.475 ms,1.236 s,1.171560,2.9893,20.9251
250000,48,5,kmeans,int,1.025 ms,11.769 ms,11.533284,11.4820,8411.7073
250000,48,5,kmeans,float,822.272 µs,21.583 ms,11.535172,26.2480,10522.0657
250000,48,10,kmeans,int,1.560 ms,22.792 ms,11.532232,14.6103,5526.9231
250000,48,10,kmeans,float,1.482 ms,29.836 ms,11.543528,20.1323,5838.0567
250000,48,25,kmeans,int,3.276 ms,73.306 ms,11.528972,22.3767,2631.8681
250000,48,25,kmeans,float,3.428 ms,72.709 ms,11.540360,21.2103,2523.9207
250000,48,50,kmeans,int,6.121 ms,114.002 ms,11.530656,18.6247,1408.5934
250000,48,50,kmeans,float,6.600 ms,211.970 ms,11.545300,32.1167,1310.9091
250000,64,-,knn,int,14.617 s,365.425 s,0.0,25.0000,-
250000,64,-,knn,float,14.615 s,359.550 s,0.0,24.6014,-
250000,64,-,approx_knn,int,665.733 ms,1.395 s,0.837692,2.0954,21.9562
250000,64,-,approx_knn,float,631.128 ms,1.352 s,0.837512,2.1422,23.1570
250000,64,5,kmeans,int,1.120 ms,15.479 ms,9.899120,13.8205,13050.8929
250000,64,5,kmeans,float,918.624 µs,18.529 ms,10.025264,20.1704,15909.6649
250000,64,10,kmeans,int,1.819 ms,29.789 ms,9.900128,16.3766,8035.7339
250000,64,10,kmeans,float,1.662 ms,38.033 ms,10.029292,22.8839,8793.6221
250000,64,25,kmeans,int,3.876 ms,71.728 ms,9.896972,18.5057,3771.1558
250000,64,25,kmeans,float,3.878 ms,94.532 ms,10.033760,24.3765,3768.6952
250000,64,50,kmeans,int,7.198 ms,145.507 ms,9.899436,20.2149,2030.7030
250000,64,50,kmeans,float,7.485 ms,200.686 ms,10.032668,26.8118,1952.5718
250000,96,-,knn,int,30.371 s,347.228 s,0.0,11.4329,-
250000,96,-,knn,float,30.226 s,350.595 s,0.0,11.5991,-
250000,96,-,approx_knn,int,1.433 s,1.719 s,0.585144,1.1996,21.1940
250000,96,-,approx_knn,float,1.425 s,1.397 s,0.585264,0.9804,21.2112
250000,96,5,kmeans,int,1.329 ms,45.760 ms,8.066140,34.4319,22852.5207
250000,96,5,kmeans,float,1.150 ms,26.922 ms,8.075668,23.4104,26283.4783
250000,96,10,kmeans,int,2.191 ms,42.658 ms,8.060120,19.4696,13861.7070
250000,96,10,kmeans,float,2.062 ms,58.634 ms,8.073912,28.4355,14658.5839
250000,96,25,kmeans,int,4.832 ms,105.730 ms,8.048760,21.8812,6285.3891
250000,96,25,kmeans,float,4.924 ms,138.366 ms,8.079624,28.1003,6138.5053
250000,96,50,kmeans,int,9.233 ms,210.638 ms,8.051496,22.8136,3289.3967
250000,96,50,kmeans,float,9.445 ms,287.166 ms,8.079708,30.4040,3200.2118
250000,128,-,knn,int,50.540 s,327.481 s,0.0,6.4796,-
250000,128,-,knn,float,51.049 s,344.779 s,0.0,6.7539,-
250000,128,-,approx_knn,int,2.788 s,1.998 s,0.466796,0.7166,18.1277
250000,128,-,approx_knn,float,2.569 s,1.716 s,0.465156,0.6680,19.8712
250000,128,5,kmeans,int,1.534 ms,51.448 ms,6.922332,33.5385,32946.5450
250000,128,5,kmeans,float,2.617 ms,59.339 ms,6.961444,22.6744,19506.6870
250000,128,10,kmeans,int,2.635 ms,72.332 ms,6.916492,27.4505,19180.2657
250000,128,10,kmeans,float,2.663 ms,103.185 ms,6.960956,38.7477,19169.7334
250000,128,25,kmeans,int,6.157 ms,209.895 ms,6.921676,34.0905,8208.5431
250000,128,25,kmeans,float,6.256 ms,246.200 ms,6.954348,39.3542,8160.0064
250000,128,50,kmeans,int,11.787 ms,368.318 ms,6.919364,31.2478,4287.7747
250000,128,50,kmeans,float,12.311 ms,448.303 ms,6.959784,36.4148,4146.6168
500000,4,-,knn,int,4.856 s,1474.052 s,0.0,303.5527,-
500000,4,-,knn,float,4.859 s,1649.872 s,0.0,339.5497,-
500000,4,-,approx_knn,int,91.184 ms,1.192 s,10.771168,13.0725,53.2550
500000,4,-,approx_knn,float,137.025 ms,1.088 s,10.746634,7.9402,35.4607
500000,4,5,kmeans,int,1.026 ms,4.452 ms,40.705660,4.3392,4732.9435
500000,4,5,kmeans,float,1.327 ms,5.743 ms,40.605032,4.3278,3661.6428
500000,4,10,kmeans,int,1.473 ms,6.436 ms,40.700466,4.3693,3296.6735
500000,4,10,kmeans,float,2.315 ms,9.924 ms,40.607334,4.2868,2098.9201
500000,4,25,kmeans,int,3.260 ms,73.503 ms,40.704428,22.5469,1489.5706
500000,4,25,kmeans,float,5.467 ms,33.873 ms,40.607912,6.1959,888.7873
500000,4,50,kmeans,int,5.053 ms,63.474 ms,40.716116,12.5616,961.0133
500000,4,50,kmeans,float,10.137 ms,53.650 ms,40.606008,5.2925,479.3331
500000,16,-,knn,int,5.056 s,1688.586 s,0.0,333.9767,-
500000,16,-,knn,float,5.096 s,1641.861 s,0.0,322.1862,-
500000,16,-,approx_knn,int,150.611 ms,1.254 s,2.968384,8.3261,33.5699
500000,16,-,approx_knn,float,185.573 ms,1.173 s,2.974574,6.3210,27.4609
500000,16,5,kmeans,int,997.376 µs,9.214 ms,20.125110,9.2382,5069.3018
500000,16,5,kmeans,float,998.400 µs,11.878 ms,20.029992,11.8970,5104.1667
500000,16,10,kmeans,int,1.542 ms,16.379 ms,20.125822,10.6219,3278.8586
500000,16,10,kmeans,float,1.738 ms,30.277 ms,20.028492,17.4206,2932.1059
500000,16,25,kmeans,int,3.228 ms,38.763 ms,20.126896,12.0084,1566.2949
500000,16,25,kmeans,float,3.874 ms,60.882 ms,20.028038,15.7155,1315.4362
500000,16,50,kmeans,int,5.862 ms,77.587 ms,20.126612,13.2356,862.5043
500000,16,50,kmeans,float,7.426 ms,120.213 ms,20.027532,16.1881,686.2375
500000,24,-,knn,int,5.964 s,1658.163 s,0.0,278.0287,-
500000,24,-,knn,float,6.028 s,1551.778 s,0.0,257.4283,-
500000,24,-,approx_knn,int,252.808 ms,1.913 s,2.236482,7.5670,23.5910
500000,24,-,approx_knn,float,281.903 ms,1.860 s,2.241516,6.5980,21.3832
500000,24,5,kmeans,int,1.095 ms,12.420 ms,16.324390,11.3425,5446.5753
500000,24,5,kmeans,float,1.028 ms,16.094 ms,16.284660,15.6556,5863.8132
500000,24,10,kmeans,int,1.679 ms,24.038 ms,16.325220,14.3169,3552.1144
500000,24,10,kmeans,float,1.746 ms,38.487 ms,16.285102,22.0430,3452.4628
500000,24,25,kmeans,int,3.675 ms,55.536 ms,16.327648,15.1118,1622.8571
500000,24,25,kmeans,float,4.140 ms,94.220 ms,16.285338,22.7585,1456.0386
500000,24,50,kmeans,int,6.886 ms,110.860 ms,16.327048,16.0993,866.1051
500000,24,50,kmeans,float,7.891 ms,187.938 ms,16.285110,23.8168,763.9082
500000,32,-,knn,int,9.042 s,1635.014 s,0.0,180.8244,-
500000,32,-,knn,float,9.068 s,1631.042 s,0.0,179.8679,-
500000,32,-,approx_knn,int,436.050 ms,3.845 s,2.151736,8.8178,20.7362
500000,32,-,approx_knn,float,460.521 ms,3.630 s,2.158100,7.8824,19.6907
500000,32,5,kmeans,int,1.202 ms,15.904 ms,14.194400,13.2313,7522.4626
500000,32,5,kmeans,float,1.094 ms,21.013 ms,14.232112,19.2075,8288.8483
500000,32,10,kmeans,int,1.947 ms,30.132 ms,14.194650,15.4761,4644.0678
500000,32,10,kmeans,float,1.948 ms,42.443 ms,14.229460,21.7880,4655.0308
500000,32,25,kmeans,int,4.107 ms,72.810 ms,14.192172,17.7283,2201.6070
500000,32,25,kmeans,float,4.460 ms,161.271 ms,14.224954,36.1594,2033.1839
500000,32,50,kmeans,int,7.807 ms,141.720 ms,14.192434,18.1529,1158.1914
500000,32,50,kmeans,float,8.656 ms,235.900 ms,14.225994,27.2528,1047.5970
500000,48,-,knn,int,21.054 s,1643.393 s,0.0,78.0561,-
500000,48,-,knn,float,21.059 s,1678.790 s,0.0,79.7184,-
500000,48,-,approx_knn,int,944.617 ms,5.930 s,1.273434,6.2777,22.2884
500000,48,-,approx_knn,float,992.713 ms,5.773 s,1.276224,5.8154,21.2136
500000,48,5,kmeans,int,1.404 ms,82.390 ms,11.515200,58.6823,14995.7265
500000,48,5,kmeans,float,1.288 ms,105.122 ms,11.510230,81.6165,16350.1553
500000,48,10,kmeans,int,2.341 ms,76.555 ms,11.515336,32.7018,8993.5925
500000,48,10,kmeans,float,2.317 ms,62.836 ms,11.508006,27.1196,9088.9081
500000,48,25,kmeans,int,4.933 ms,105.151 ms,11.515892,21.3158,4267.9911
500000,48,25,kmeans,float,5.180 ms,149.108 ms,11.505842,28.7853,4065.4440
500000,48,50,kmeans,int,9.756 ms,212.251 ms,11.514542,21.7559,2158.0566
500000,48,50,kmeans,float,10.537 ms,314.413 ms,11.505464,29.8389,1998.5764
500000,64,-,knn,int,34.698 s,1690.796 s,0.0,48.7289,-
500000,64,-,knn,float,34.724 s,1633.236 s,0.0,47.0348,-
500000,64,-,approx_knn,int,1.417 s,6.035 s,0.805488,4.2590,24.4869
500000,64,-,approx_knn,float,1.452 s,5.871 s,0.805012,4.0434,23.9146
500000,64,5,kmeans,int,1.589 ms,44.425 ms,10.008232,27.9578,21836.3751
500000,64,5,kmeans,float,1.486 ms,38.983 ms,9.973906,26.2335,23367.4293
500000,64,10,kmeans,int,2.859 ms,120.568 ms,10.007654,42.1714,12136.4113
500000,64,10,kmeans,float,2.707 ms,74.536 ms,9.971850,27.5345,12827.4843
500000,64,25,kmeans,int,6.198 ms,146.264 ms,10.006204,23.5986,5598.2575
500000,64,25,kmeans,float,6.759 ms,189.293 ms,9.971722,28.0061,5137.4464
500000,64,50,kmeans,int,11.927 ms,298.178 ms,10.005168,25.0003,2909.1976
500000,64,50,kmeans,float,12.485 ms,411.995 ms,9.970904,32.9992,2781.2575
500000,96,-,knn,int,70.298 s,1680.172 s,0.0,23.9007,-
500000,96,-,knn,float,70.381 s,1627.013 s,0.0,23.1172,-
500000,96,-,approx_knn,int,2.965 s,6.672 s,0.554018,2.2503,23.7093
500000,96,-,approx_knn,float,3.020 s,6.414 s,0.554642,2.1238,23.3050
500000,96,5,kmeans,int,2.002 ms,43.347 ms,8.092094,21.6518,35113.8861
500000,96,5,kmeans,float,1.880 ms,69.453 ms,8.082776,36.9431,37436.7021
500000,96,10,kmeans,int,3.529 ms,102.716 ms,8.088364,29.1063,19920.0907
500000,96,10,kmeans,float,3.494 ms,106.746 ms,8.082848,30.5512,20143.3887
500000,96,25,kmeans,int,8.185 ms,211.404 ms,8.087210,25.8282,8588.6378
500000,96,25,kmeans,float,8.316 ms,275.499 ms,8.086306,33.1288,8463.3237
500000,96,50,kmeans,int,15.955 ms,513.509 ms,8.085472,32.1848,4406.0169
500000,96,50,kmeans,float,16.336 ms,579.285 ms,8.087352,35.4606,4308.3374
500000,128,-,knn,int,117.229 s,1531.936 s,0.0,13.0679,-
500000,128,-,knn,float,117.038 s,1563.707 s,0.0,13.3607,-
500000,128,-,approx_knn,int,5.302 s,8.120 s,0.440254,1.5315,22.1103
500000,128,-,approx_knn,float,5.324 s,7.794 s,0.437018,1.4639,21.9831
500000,128,5,kmeans,int,2.404 ms,63.194 ms,7.029050,26.2870,48764.1431
500000,128,5,kmeans,float,2.280 ms,67.494 ms,7.000162,29.6026,51332.4561
500000,128,10,kmeans,int,4.330 ms,136.900 ms,7.034986,31.6166,27073.6721
500000,128,10,kmeans,float,4.349 ms,139.128 ms,6.999978,31.9908,26911.4739
500000,128,25,kmeans,int,10.175 ms,378.915 ms,7.033764,37.2398,11521.2776
500000,128,25,kmeans,float,10.378 ms,371.005 ms,7.002940,35.7492,11277.5101
500000,128,50,kmeans,int,19.096 ms,603.456 ms,7.037350,31.6012,6138.9296
500000,128,50,kmeans,float,19.687 ms,868.894 ms,7.006254,44.1354,5944.9383
750000,4,-,knn,int,10.759 s,4017.277 s,0.0,373.3876,-
750000,4,-,knn,float,10.770 s,3660.096 s,0.0,339.8418,-
750000,4,-,approx_knn,int,155.244 ms,2.276 s,10.717691,14.6608,69.3038
750000,4,-,approx_knn,float,224.204 ms,2.109 s,10.725839,9.4066,48.0366
750000,4,5,kmeans,int,1.127 ms,6.095 ms,40.644856,5.4082,9546.5839
750000,4,5,kmeans,float,1.774 ms,8.214 ms,40.688048,4.6302,6071.0259
750000,4,10,kmeans,int,1.695 ms,36.709 ms,40.641681,21.6572,6347.4926
750000,4,10,kmeans,float,3.064 ms,14.494 ms,40.683037,4.7304,3515.0131
750000,4,25,kmeans,int,3.401 ms,19.415 ms,40.640053,5.7086,3163.4813
750000,4,25,kmeans,float,7.047 ms,35.631 ms,40.687544,5.0562,1528.3099
750000,4,50,kmeans,int,6.220 ms,63.286 ms,40.641985,10.1746,1729.7428
750000,4,50,kmeans,float,13.695 ms,76.250 ms,40.692884,5.5677,786.4184
750000,16,-,knn,int,11.117 s,3606.689 s,0.0,324.4301,-
750000,16,-,knn,float,11.121 s,3724.075 s,0.0,334.8687,-
750000,16,-,approx_knn,int,228.568 ms,2.389 s,2.955672,10.4520,48.6376
750000,16,-,approx_knn,float,296.702 ms,2.235 s,2.941221,7.5328,37.4821
750000,16,5,kmeans,int,1.218 ms,13.391 ms,20.067969,10.9943,9127.2578
750000,16,5,kmeans,float,1.309 ms,19.118 ms,20.133524,14.6050,8495.7983
750000,16,10,kmeans,int,1.911 ms,24.459 ms,20.063621,12.7991,5817.3731
750000,16,10,kmeans,float,2.303 ms,38.958 ms,20.134013,16.9162,4828.9188
750000,16,25,kmeans,int,4.065 ms,56.875 ms,20.065051,13.9914,2734.8093
750000,16,25,kmeans,float,5.179 ms,94.763 ms,20.135321,18.2975,2147.3257
750000,16,50,kmeans,int,7.635 ms,115.259 ms,20.064537,15.0961,1456.0576
750000,16,50,kmeans,float,9.966 ms,186.537 ms,20.135596,18.7173,1115.8940
750000,24,-,knn,int,12.504 s,-,0.0,,-
750000,24,-,knn,float,12.427 s,-,0.0,,-
750000,24,-,approx_knn,int,341.361 ms,-,2.258769,,36.6298
750000,24,-,approx_knn,float,339.736 ms,-,2.253851,,36.5784
750000,24,5,kmeans,int,1.358 ms,-,16.333339,,9207.6583
750000,24,5,kmeans,float,1.205 ms,-,16.361371,,10312.8631
750000,24,10,kmeans,int,2.200 ms,-,16.333325,,5683.6364
750000,24,10,kmeans,float,2.298 ms,-,16.361960,,5407.7459
750000,24,25,kmeans,int,4.723 ms,-,16.332000,,2647.4698
750000,24,25,kmeans,float,5.278 ms,-,16.363185,,2354.4903
750000,24,50,kmeans,int,9.225 ms,-,16.329980,,1355.4472
750000,24,50,kmeans,float,10.529 ms,-,16.360121,,1180.2640
750000,32,-,knn,int,16.967 s,-,0.0,,-
750000,32,-,knn,float,17.666 s,-,0.0,,-
750000,32,-,approx_knn,int,617.841 ms,-,2.289579,,27.4618
750000,32,-,approx_knn,float,608.453 ms,-,2.294964,,29.0343
750000,32,5,kmeans,int,1.532 ms,-,14.218249,,11075.0653
750000,32,5,kmeans,float,1.450 ms,-,14.197956,,12183.4483
750000,32,10,kmeans,int,2.497 ms,-,14.219795,,6794.9539
750000,32,10,kmeans,float,2.526 ms,-,14.197888,,6993.6659
750000,32,25,kmeans,int,5.570 ms,-,14.220677,,3046.1400
750000,32,25,kmeans,float,5.873 ms,-,14.197036,,3008.0027
750000,32,50,kmeans,int,10.202 ms,-,14.218925,,1663.1053
750000,32,50,kmeans,float,11.136 ms,-,14.196439,,1586.3865
750000,48,-,knn,int,35.861 s,-,0.0,,-
750000,48,-,knn,float,35.898 s,-,0.0,,-
750000,48,-,approx_knn,int,1.447 s,-,1.494093,,24.7830
750000,48,-,approx_knn,float,1.438 s,-,1.490635,,24.9638
750000,48,5,kmeans,int,1.781 ms,-,11.516263,,20135.3172
750000,48,5,kmeans,float,1.629 ms,-,11.535311,,22036.8324
750000,48,10,kmeans,int,3.097 ms,-,11.517317,,11579.2703
750000,48,10,kmeans,float,3.070 ms,-,11.536145,,11693.1596
750000,48,25,kmeans,int,6.893 ms,-,11.518328,,5202.5243
750000,48,25,kmeans,float,7.248 ms,-,11.536624,,4952.8146
750000,48,50,kmeans,int,13.351 ms,-,11.518696,,2686.0160
750000,48,50,kmeans,float,14.455 ms,-,11.536239,,2483.4313
750000,64,-,knn,int,57.900 s,-,0.0,,-
750000,64,-,knn,float,58.217 s,-,0.0,,-
750000,64,-,approx_knn,int,2.487 s,-,0.810752,,23.2811
750000,64,-,approx_knn,float,2.319 s,-,0.803825,,25.1044
750000,64,5,kmeans,int,2.169 ms,-,9.957881,,26694.3292
750000,64,5,kmeans,float,1.954 ms,-,9.989968,,29793.7564
750000,64,10,kmeans,int,3.751 ms,-,9.956011,,15435.8838
750000,64,10,kmeans,float,4.391 ms,-,9.989401,,13258.2555
750000,64,25,kmeans,int,8.346 ms,-,9.956660,,6937.4551
750000,64,25,kmeans,float,8.853 ms,-,9.989615,,6575.9630
750000,64,50,kmeans,int,17.762 ms,-,9.957621,,3259.7680
750000,64,50,kmeans,float,18.283 ms,-,9.988076,,3184.2148
750000,96,-,knn,int,115.025 s,-,0.0,,-
750000,96,-,knn,float,115.754 s,-,0.0,,-
750000,96,-,approx_knn,int,4.830 s,-,0.539345,,23.8147
750000,96,-,approx_knn,float,4.732 s,-,0.538919,,24.4620
750000,96,5,kmeans,int,2.907 ms,-,8.131125,,39568.2835
750000,96,5,kmeans,float,2.536 ms,-,8.104511,,45644.3218
750000,96,10,kmeans,int,4.913 ms,-,8.134653,,23412.3753
750000,96,10,kmeans,float,5.222 ms,-,8.104123,,22166.6028
750000,96,25,kmeans,int,11.417 ms,-,8.134931,,10074.8883
750000,96,25,kmeans,float,11.672 ms,-,8.105713,,9917.2378
750000,96,50,kmeans,int,22.374 ms,-,8.136408,,5141.0119
750000,96,50,kmeans,float,22.749 ms,-,8.101048,,5088.3116
750000,128,-,knn,int,190.812 s,-,0.0,,-
750000,128,-,knn,float,191.735 s,-,0.0,,-
750000,128,-,approx_knn,int,8.524 s,-,0.432837,,22.3853
750000,128,-,approx_knn,float,8.244 s,-,0.432615,,23.2575
750000,128,5,kmeans,int,3.583 ms,-,6.982073,,53254.8144
750000,128,5,kmeans,float,3.434 ms,-,7.008544,,55834.3040
750000,128,10,kmeans,int,6.479 ms,-,6.983453,,29450.8412
750000,128,10,kmeans,float,6.390 ms,-,7.006509,,30005.4773
750000,128,25,kmeans,int,16.376 ms,-,6.986249,,11651.9297
750000,128,25,kmeans,float,15.545 ms,-,7.008881,,12334.1911
750000,128,50,kmeans,int,28.595 ms,-,6.985985,,6672.9148
750000,128,50,kmeans,float,29.350 ms,-,7.003333,,6532.7087
1000000,4,-,knn,int,19.211 s,-,0.0,,-
1000000,4,-,knn,float,19.388 s,-,0.0,,-
1000000,4,-,approx_knn,int,267.107 ms,-,10.762898,,71.9225
1000000,4,-,approx_knn,float,252.636 ms,-,10.811483,,76.7428
1000000,4,5,kmeans,int,1.340 ms,-,40.626863,,14336.5672
1000000,4,5,kmeans,float,2.173 ms,-,40.632199,,8922.2273
1000000,4,10,kmeans,int,2.095 ms,-,40.637593,,9169.9284
1000000,4,10,kmeans,float,3.894 ms,-,40.636372,,4978.9420
1000000,4,25,kmeans,int,4.451 ms,-,40.621588,,4316.1087
1000000,4,25,kmeans,float,8.320 ms,-,40.645856,,2330.2885
1000000,4,50,kmeans,int,8.212 ms,-,40.618650,,2339.3814
1000000,4,50,kmeans,float,19.975 ms,-,40.639780,,970.6133
1000000,16,-,knn,int,19.905 s,-,0.0,,-
1000000,16,-,knn,float,20.054 s,-,0.0,,-
1000000,16,-,approx_knn,int,347.158 ms,-,2.931197,,57.3370
1000000,16,-,approx_knn,float,341.583 ms,-,2.932817,,58.7090
1000000,16,5,kmeans,int,1.444 ms,-,20.088683,,13784.6260
1000000,16,5,kmeans,float,1.500 ms,-,20.094136,,13369.3333
1000000,16,10,kmeans,int,2.680 ms,-,20.087386,,7427.2388
1000000,16,10,kmeans,float,2.698 ms,-,20.092764,,7432.9133
1000000,16,25,kmeans,int,6.070 ms,-,20.086945,,3279.2422
1000000,16,25,kmeans,float,7.046 ms,-,20.092474,,2846.1538
1000000,16,50,kmeans,int,10.298 ms,-,20.086384,,1932.8996
1000000,16,50,kmeans,float,13.658 ms,-,20.095213,,1468.2970
1000000,24,-,knn,int,21.456 s,-,0.0,,-
1000000,24,-,knn,float,21.806 s,-,0.0,,-
1000000,24,-,approx_knn,int,520.426 ms,-,2.262083,,41.2278
1000000,24,-,approx_knn,float,482.243 ms,-,2.267595,,45.2179
1000000,24,5,kmeans,int,1.631 ms,-,16.350253,,13155.1196
1000000,24,5,kmeans,float,1.631 ms,-,16.340586,,13369.7118
1000000,24,10,kmeans,int,2.490 ms,-,16.348788,,8616.8675
1000000,24,10,kmeans,float,3.365 ms,-,16.340822,,6480.2377
1000000,24,25,kmeans,int,6.376 ms,-,16.350448,,3365.1192
1000000,24,25,kmeans,float,7.523 ms,-,16.341339,,2898.5777
1000000,24,50,kmeans,int,12.477 ms,-,16.351015,,1719.6441
1000000,24,50,kmeans,float,14.595 ms,-,16.341690,,1494.0733
1000000,32,-,knn,int,27.279 s,-,0.0,,-
1000000,32,-,knn,float,27.647 s,-,0.0,,-
1000000,32,-,approx_knn,int,826.894 ms,-,2.424601,,32.9897
1000000,32,-,approx_knn,float,794.450 ms,-,2.430776,,34.8002
1000000,32,5,kmeans,int,1.795 ms,-,14.161925,,15197.2145
1000000,32,5,kmeans,float,2.105 ms,-,14.184845,,13133.9667
1000000,32,10,kmeans,int,2.987 ms,-,14.163146,,9132.5745
1000000,32,10,kmeans,float,3.460 ms,-,14.186120,,7990.4624
1000000,32,25,kmeans,int,7.118 ms,-,14.162396,,3832.3967
1000000,32,25,kmeans,float,7.771 ms,-,14.184785,,3557.7146
1000000,32,50,kmeans,int,13.846 ms,-,14.162370,,1970.1719
1000000,32,50,kmeans,float,15.792 ms,-,14.183711,,1750.6966
1000000,48,-,knn,int,53.152 s,-,0.0,,-
1000000,48,-,knn,float,53.871 s,-,0.0,,-
1000000,48,-,approx_knn,int,2.147 s,-,1.843802,,24.7564
1000000,48,-,approx_knn,float,1.938 s,-,1.842581,,27.7972
1000000,48,5,kmeans,int,2.204 ms,-,11.548387,,24116.1525
1000000,48,5,kmeans,float,2.434 ms,-,11.547796,,22132.7034
1000000,48,10,kmeans,int,3.830 ms,-,11.547918,,13877.8068
1000000,48,10,kmeans,float,4.232 ms,-,11.547246,,12729.4423
1000000,48,25,kmeans,int,9.146 ms,-,11.548263,,5811.5023
1000000,48,25,kmeans,float,9.738 ms,-,11.549615,,5532.0394
1000000,48,50,kmeans,int,17.996 ms,-,11.547105,,2953.5452
1000000,48,50,kmeans,float,19.754 ms,-,11.550380,,2727.0932
1000000,64,-,knn,int,83.987 s,-,0.0,,-
1000000,64,-,knn,float,84.926 s,-,0.0,,-
1000000,64,-,approx_knn,int,3.343 s,-,0.844951,,25.1232
1000000,64,-,approx_knn,float,3.158 s,-,0.840600,,26.8923
1000000,64,5,kmeans,int,2.641 ms,-,9.996628,,31801.2117
1000000,64,5,kmeans,float,2.455 ms,-,10.003534,,34593.0754
1000000,64,10,kmeans,int,4.682 ms,-,9.995242,,17938.2742
1000000,64,10,kmeans,float,4.622 ms,-,10.001950,,18374.2968
1000000,64,25,kmeans,int,11.758 ms,-,9.992572,,7142.9665
1000000,64,25,kmeans,float,12.034 ms,-,9.999529,,7057.1713
1000000,64,50,kmeans,int,22.944 ms,-,9.994242,,3660.5213
1000000,64,50,kmeans,float,23.595 ms,-,10.000255,,3599.3219
1000000,96,-,knn,int,163.840 s,-,0.0,,-
1000000,96,-,knn,float,165.102 s,-,0.0,,-
1000000,96,-,approx_knn,int,6.696 s,-,0.532470,,24.4683
1000000,96,-,approx_knn,float,6.459 s,-,0.533718,,25.5615
1000000,96,5,kmeans,int,3.772 ms,-,8.100679,,43435.8431
1000000,96,5,kmeans,float,3.668 ms,-,8.103561,,45011.4504
1000000,96,10,kmeans,int,6.067 ms,-,8.102198,,27005.1096
1000000,96,10,kmeans,float,6.039 ms,-,8.105940,,27339.2946
1000000,96,25,kmeans,int,15.644 ms,-,8.102961,,10473.0248
1000000,96,25,kmeans,float,16.040 ms,-,8.104187,,10293.1421
1000000,96,50,kmeans,int,30.846 ms,-,8.104725,,5311.5477
1000000,96,50,kmeans,float,38.374 ms,-,8.103525,,4302.4444
1000000,128,-,knn,int,269.597 s,-,0.0,,-
1000000,128,-,knn,float,270.733 s,-,0.0,,-
1000000,128,-,approx_knn,int,11.438 s,-,0.437883,,23.5703
1000000,128,-,approx_knn,float,11.228 s,-,0.438754,,24.1123
1000000,128,5,kmeans,int,4.157 ms,-,7.045579,,64853.7407
1000000,128,5,kmeans,float,4.051 ms,-,7.014875,,66831.1528
1000000,128,10,kmeans,int,8.451 ms,-,7.046419,,31901.1951
1000000,128,10,kmeans,float,7.856 ms,-,7.016735,,34461.9399
1000000,128,25,kmeans,int,19.693 ms,-,7.045790,,13689.9914
1000000,128,25,kmeans,float,20.438 ms,-,7.014157,,13246.5505
1000000,128,50,kmeans,int,39.207 ms,-,7.045432,,6876.2466
1000000,128,50,kmeans,float,40.604 ms,-,7.012915,,6667.6436
2000000,4,-,knn,int,76.502 s,,0.0,,-
2000000,4,-,knn,float,76.847 s,,0.0,,-
2000000,4,-,approx_knn,int,686.714 ms,,10.785626,,111.4030
2000000,4,-,approx_knn,float,683.182 ms,,10.768292,,112.4839
2000000,4,5,kmeans,int,2.608 ms,,40.670524,,29333.5890
2000000,4,5,kmeans,float,4.022 ms,,40.646597,,19106.6634
2000000,4,10,kmeans,int,3.865 ms,,40.654302,,19793.5317
2000000,4,10,kmeans,float,7.450 ms,,40.658677,,10315.0336
2000000,4,25,kmeans,int,8.340 ms,,40.677147,,9172.9017
2000000,4,25,kmeans,float,17.448 ms,,40.661009,,4404.3443
2000000,4,50,kmeans,int,15.264 ms,,40.671441,,5011.9235
2000000,4,50,kmeans,float,34.584 ms,,40.654229,,2222.0391
2000000,16,-,knn,int,77.858 s,,0.0,,-
2000000,16,-,knn,float,78.999 s,,0.0,,-
2000000,16,-,approx_knn,int,873.410 ms,,2.935568,,89.1426
2000000,16,-,approx_knn,float,867.574 ms,,2.935942,,91.0574
2000000,16,5,kmeans,int,2.277 ms,,20.082324,,34193.2367
2000000,16,5,kmeans,float,2.653 ms,,20.093152,,29777.2333
2000000,16,10,kmeans,int,3.800 ms,,20.081896,,20488.9474
2000000,16,10,kmeans,float,5.230 ms,,20.092223,,15104.9713
2000000,16,25,kmeans,int,9.291 ms,,20.082980,,8379.9376
2000000,16,25,kmeans,float,12.202 ms,,20.092595,,6474.2665
2000000,16,50,kmeans,int,17.443 ms,,20.082083,,4463.5670
2000000,16,50,kmeans,float,23.697 ms,,20.092403,,3333.7131
2000000,24,-,knn,int,81.396 s,,0.0,,-
2000000,24,-,knn,float,83.162 s,,0.0,,-
2000000,24,-,approx_knn,int,1.138 s,,2.259035,,71.5255
2000000,24,-,approx_knn,float,1.094 s,,2.256162,,76.0165
2000000,24,5,kmeans,int,2.986 ms,,16.338001,,27259.2096
2000000,24,5,kmeans,float,2.818 ms,,16.314137,,29511.0007
2000000,24,10,kmeans,int,4.882 ms,,16.340117,,16672.6751
2000000,24,10,kmeans,float,5.539 ms,,16.314913,,15013.9014
2000000,24,25,kmeans,int,11.213 ms,,16.338545,,7259.0743
2000000,24,25,kmeans,float,13.104 ms,,16.314801,,6346.3065
2000000,24,50,kmeans,int,21.029 ms,,16.339253,,3870.6548
2000000,24,50,kmeans,float,25.507 ms,,16.314504,,3260.3599
2000000,32,-,knn,int,96.674 s,,0.0,,-
2000000,32,-,knn,float,94.960 s,,0.0,,-
2000000,32,-,approx_knn,int,1.442 s,,2.539820,,67.0416
2000000,32,-,approx_knn,float,1.440 s,,2.539207,,65.9444
2000000,32,5,kmeans,int,2.999 ms,,14.175500,,32235.4118
2000000,32,5,kmeans,float,3.045 ms,,14.169569,,31185.5501
2000000,32,10,kmeans,int,5.272 ms,,14.175626,,18337.2534
2000000,32,10,kmeans,float,5.733 ms,,14.170794,,16563.7537
2000000,32,25,kmeans,int,12.301 ms,,14.176100,,7859.0359
2000000,32,25,kmeans,float,13.831 ms,,14.170162,,6865.7364
2000000,32,50,kmeans,int,23.776 ms,,14.175462,,4066.0330
2000000,32,50,kmeans,float,27.148 ms,,14.171433,,3497.8636
2000000,48,-,knn,int,160.323 s,,0.0,,-
2000000,48,-,knn,float,160.295 s,,0.0,,-
2000000,48,-,approx_knn,int,3.286 s,,3.397762,,48.7897
2000000,48,-,approx_knn,float,4.457 s,,3.393411,,35.9648
2000000,48,5,kmeans,int,3.501 ms,,11.542347,,45793.4876
2000000,48,5,kmeans,float,3.109 ms,,11.524000,,51558.3789
2000000,48,10,kmeans,int,7.240 ms,,11.542188,,22144.0608
2000000,48,10,kmeans,float,7.513 ms,,11.523479,,21335.6848
2000000,48,25,kmeans,int,16.773 ms,,11.542156,,9558.3974
2000000,48,25,kmeans,float,18.257 ms,,11.524670,,8779.9200
2000000,48,50,kmeans,int,33.052 ms,,11.541644,,4850.6293
2000000,48,50,kmeans,float,36.263 ms,,11.524684,,4420.3458
2000000,64,-,knn,int,234.396 s,,0.0,,-
2000000,64,-,knn,float,218.028 s,,0.0,,-
2000000,64,-,approx_knn,int,6.849 s,,1.783453,,34.2234
2000000,64,-,approx_knn,float,6.871 s,,1.787371,,31.7316
2000000,64,5,kmeans,int,4.586 ms,,10.024207,,51111.2080
2000000,64,5,kmeans,float,4.581 ms,,10.003658,,47593.9751
2000000,64,10,kmeans,int,8.510 ms,,10.025398,,27543.5958
2000000,64,10,kmeans,float,8.731 ms,,10.003607,,24971.7100
2000000,64,25,kmeans,int,20.371 ms,,10.023988,,11506.3571
2000000,64,25,kmeans,float,21.127 ms,,10.003296,,10319.8750
2000000,64,50,kmeans,int,40.089 ms,,10.025258,,5846.8907
2000000,64,50,kmeans,float,41.954 ms,,10.003759,,5196.8346
2000000,96,-,knn,int,388.535 s,,0.0,,-
2000000,96,-,knn,float,391.794 s,,0.0,,-
2000000,96,-,approx_knn,int,14.728 s,,0.523447,,26.3807
2000000,96,-,approx_knn,float,14.775 s,,0.524058,,26.5174
2000000,96,5,kmeans,int,6.115 ms,,8.147152,,63538.0213
2000000,96,5,kmeans,float,6.081 ms,,8.145036,,64429.2057
2000000,96,10,kmeans,int,11.591 ms,,8.147832,,33520.4038
2000000,96,10,kmeans,float,11.753 ms,,8.144408,,33335.6590
2000000,96,25,kmeans,int,28.051 ms,,8.146987,,13851.0214
2000000,96,25,kmeans,float,28.832 ms,,8.144633,,13588.8596
2000000,96,50,kmeans,int,55.346 ms,,8.147894,,7020.1099
2000000,96,50,kmeans,float,56.656 ms,,8.144136,,6915.3135
2000000,128,-,knn,int,621.430 s,,0.0,,-
2000000,128,-,knn,float,634.145 s,,0.0,,-
2000000,128,-,approx_knn,int,25.713 s,,0.425891,,24.1679
2000000,128,-,approx_knn,float,25.776 s,,0.427409,,24.6021
2000000,128,5,kmeans,int,7.678 ms,,7.031555,,80936.4418
2000000,128,5,kmeans,float,7.646 ms,,7.015024,,82938.1376
2000000,128,10,kmeans,int,14.612 ms,,7.031804,,42528.7435
2000000,128,10,kmeans,float,14.853 ms,,7.015401,,42694.7418
2000000,128,25,kmeans,int,35.748 ms,,7.029522,,17383.6299
2000000,128,25,kmeans,float,36.644 ms,,7.015932,,17305.5616
2000000,128,50,kmeans,int,78.236 ms,,7.030455,,7943.0186
2000000,128,50,kmeans,float,83.279 ms,,7.015753,,7614.7048
3000000,4,-,knn,int,173.961 s,,0.0,,-
3000000,4,-,knn,float,176.763 s,,0.0,,-
3000000,4,-,approx_knn,int,1.155 s,,10.729842,,150.6156
3000000,4,-,approx_knn,float,1.161 s,,10.717825,,152.2506
3000000,4,5,kmeans,int,2.938 ms,,40.673420,,59210.6875
3000000,4,5,kmeans,float,6.112 ms,,40.662484,,28920.6479
3000000,4,10,kmeans,int,4.674 ms,,40.673579,,37218.8703
3000000,4,10,kmeans,float,10.656 ms,,40.662676,,16588.1194
3000000,4,25,kmeans,int,10.338 ms,,40.678230,,16827.3360
3000000,4,25,kmeans,float,24.184 ms,,40.664242,,7309.0887
3000000,4,50,kmeans,int,19.726 ms,,40.684764,,8818.8685
3000000,4,50,kmeans,float,46.828 ms,,40.659692,,3774.7288
3000000,16,-,knn,int,177.383 s,,0.0,,-
3000000,16,-,knn,float,182.671 s,,0.0,,-
3000000,16,-,approx_knn,int,1.455 s,,2.909710,,121.9127
3000000,16,-,approx_knn,float,1.438 s,,2.915031,,127.0313
3000000,16,5,kmeans,int,3.126 ms,,20.084308,,56744.4018
3000000,16,5,kmeans,float,3.762 ms,,20.088990,,48556.8846
3000000,16,10,kmeans,int,5.366 ms,,20.083132,,33056.8394
3000000,16,10,kmeans,float,6.878 ms,,20.086563,,26558.7380
3000000,16,25,kmeans,int,12.110 ms,,20.083983,,14647.6466
3000000,16,25,kmeans,float,16.426 ms,,20.085715,,11120.8450
3000000,16,50,kmeans,int,23.399 ms,,20.084679,,7580.7941
3000000,16,50,kmeans,float,32.315 ms,,20.088590,,5652.8238
3000000,24,-,knn,int,191.115 s,,0.0,,-
3000000,24,-,knn,float,223.648 s,,0.0,,-
3000000,24,-,approx_knn,int,2.161 s,,2.240019,,88.4382
3000000,24,-,approx_knn,float,2.162 s,,2.244810,,103.4450
3000000,24,5,kmeans,int,3.700 ms,,16.338431,,51652.7027
3000000,24,5,kmeans,float,4.293 ms,,16.321535,,52095.9702
3000000,24,10,kmeans,int,6.712 ms,,16.339184,,28473.6293
3000000,24,10,kmeans,float,7.756 ms,,16.321884,,28835.4822
3000000,24,25,kmeans,int,20.956 ms,,16.340174,,9119.8225
3000000,24,25,kmeans,float,18.203 ms,,16.323353,,12286.3264
3000000,24,50,kmeans,int,29.134 ms,,16.339642,,6559.8613
3000000,24,50,kmeans,float,35.414 ms,,16.321691,,6315.2426
3000000,32,-,knn,int,230.151 s,,0.0,,-
3000000,32,-,knn,float,202.629 s,,0.0,,-
3000000,32,-,approx_knn,int,2.462 s,,2.558064,,93.4813
3000000,32,-,approx_knn,float,2.395 s,,2.555961,,84.6050
3000000,32,5,kmeans,int,4.464 ms,,14.180737,,51557.1237
3000000,32,5,kmeans,float,4.798 ms,,14.197378,,42231.9717
3000000,32,10,kmeans,int,7.903 ms,,14.180339,,29121.9790
3000000,32,10,kmeans,float,9.215 ms,,14.198067,,21989.0396
3000000,32,25,kmeans,int,18.933 ms,,14.181812,,12156.0767
3000000,32,25,kmeans,float,21.365 ms,,14.198118,,9484.1563
3000000,32,50,kmeans,int,36.562 ms,,14.182132,,6294.8143
3000000,32,50,kmeans,float,41.929 ms,,14.197989,,4832.6695
3000000,48,-,knn,int,269.960 s,,0.0,,-
3000000,48,-,knn,float,277.682 s,,0.0,,-
3000000,48,-,approx_knn,int,4.479 s,,4.054207,,60.2724
3000000,48,-,approx_knn,float,4.438 s,,4.046790,,62.5692
3000000,48,5,kmeans,int,5.618 ms,,11.538594,,48052.6878
3000000,48,5,kmeans,float,5.866 ms,,11.525274,,47337.5384
3000000,48,10,kmeans,int,10.192 ms,,11.538705,,26487.4411
3000000,48,10,kmeans,float,11.251 ms,,11.525748,,24680.6506
3000000,48,25,kmeans,int,23.405 ms,,11.537838,,11534.2875
3000000,48,25,kmeans,float,25.717 ms,,11.525131,,10797.6047
3000000,48,50,kmeans,int,45.921 ms,,11.538338,,5878.7918
3000000,48,50,kmeans,float,50.782 ms,,11.524643,,5468.1186
3000000,64,-,knn,int,398.012 s,,0.0,,-
3000000,64,-,knn,float,407.738 s,,0.0,,-
3000000,64,-,approx_knn,int,9.630 s,,3.815082,,41.3304
3000000,64,-,approx_knn,float,9.629 s,,3.813838,,42.3448
3000000,64,5,kmeans,int,7.543 ms,,10.000994,,52765.7431
3000000,64,5,kmeans,float,7.057 ms,,9.997469,,57777.8093
3000000,64,10,kmeans,int,13.182 ms,,10.000420,,30193.5973
3000000,64,10,kmeans,float,13.787 ms,,9.997203,,29574.0915
3000000,64,25,kmeans,int,31.572 ms,,10.000873,,12606.4868
3000000,64,25,kmeans,float,32.782 ms,,9.997588,,12437.8622
3000000,64,50,kmeans,int,63.420 ms,,10.000060,,6275.8120
3000000,64,50,kmeans,float,66.274 ms,,9.998023,,6152.3071
3000000,96,-,knn,int,678.690 s,,0.0,,-
3000000,96,-,knn,float,687.229 s,,0.0,,-
3000000,96,-,approx_knn,int,25.413 s,,0.611146,,26.7064
3000000,96,-,approx_knn,float,25.426 s,,0.611021,,27.0286
3000000,96,5,kmeans,int,9.204 ms,,8.143942,,73738.5919
3000000,96,5,kmeans,float,9.639 ms,,8.129186,,71296.7113
3000000,96,10,kmeans,int,16.958 ms,,8.143952,,40021.8186
3000000,96,10,kmeans,float,17.340 ms,,8.128365,,39632.5836
3000000,96,25,kmeans,int,43.612 ms,,8.144285,,15562.0013
3000000,96,25,kmeans,float,46.775 ms,,8.127580,,14692.2288
3000000,96,50,kmeans,int,86.604 ms,,8.144294,,7836.7050
3000000,96,50,kmeans,float,90.319 ms,,8.127615,,7608.9084
3000000,128,-,knn,int,1056.086 s,,0.0,,-
3000000,128,-,knn,float,1062.611 s,,0.0,,-
3000000,128,-,approx_knn,int,43.747 s,,0.416661,,24.1408
3000000,128,-,approx_knn,float,43.307 s,,0.416048,,24.5367
3000000,128,5,kmeans,int,12.555 ms,,7.052836,,84116.7662
3000000,128,5,kmeans,float,11.911 ms,,7.064506,,89212.5766
3000000,128,10,kmeans,int,22.853 ms,,7.053420,,46212.1385
3000000,128,10,kmeans,float,23.282 ms,,7.064532,,45640.8814
3000000,128,25,kmeans,int,62.364 ms,,7.053511,,16934.2249
3000000,128,25,kmeans,float,58.973 ms,,7.065259,,18018.6017
3000000,128,50,kmeans,int,102.970 ms,,7.052393,,10256.2494
3000000,128,50,kmeans,float,87.556 ms,,7.065131,,12136.3584